,TEAM,GAME DATE,OPP,Home/Away,REST,OPP_REST
0,POR,10/25/16,UTA,1,0,0
1,UTA,10/25/16,POR,0,0,0
2,NYK,10/25/16,CLE,0,0,0
3,GSW,10/25/16,SAS,1,0,0
4,SAS,10/25/16,GSW,0,0,0
5,CLE,10/25/16,NYK,1,0,0
6,NOP,10/26/16,DEN,1,0,0
7,PHX,10/26/16,SAC,1,0,0
8,SAC,10/26/16,PHX,0,0,0
9,HOU,10/26/16,LAL,0,0,0
10,TOR,10/26/16,DET,1,0,0
11,MIN,10/26/16,MEM,0,0,0
12,IND,10/26/16,DAL,1,0,0
13,OKC,10/26/16,PHI,0,0,0
14,LAL,10/26/16,HOU,1,0,0
15,CHA,10/26/16,MIL,0,0,0
16,PHI,10/26/16,OKC,1,0,0
17,DAL,10/26/16,IND,0,0,0
18,MIL,10/26/16,CHA,1,0,0
19,ORL,10/26/16,MIA,1,0,0
20,BKN,10/26/16,BOS,0,0,0
21,MIA,10/26/16,ORL,0,0,0
22,MEM,10/26/16,MIN,1,0,0
23,DET,10/26/16,TOR,0,0,0
24,BOS,10/26/16,BKN,1,0,0
25,DEN,10/26/16,NOP,0,0,0
26,CHI,10/27/16,BOS,1,0,1
27,BOS,10/27/16,CHI,0,1,0
28,WAS,10/27/16,ATL,0,0,0
29,SAC,10/27/16,SAS,1,1,2
30,LAC,10/27/16,POR,0,0,2
31,POR,10/27/16,LAC,1,2,0
32,SAS,10/27/16,SAC,0,2,1
33,ATL,10/27/16,WAS,1,0,0
34,CLE,10/28/16,TOR,0,3,2
35,ORL,10/28/16,DET,0,2,2
36,TOR,10/28/16,CLE,1,2,3
37,UTA,10/28/16,LAL,1,3,2
38,CHA,10/28/16,MIA,0,2,2
39,DET,10/28/16,ORL,1,2,2
40,MIA,10/28/16,CHA,1,2,2
41,GSW,10/28/16,NOP,0,3,2
42,IND,10/28/16,BKN,0,2,2
43,DAL,10/28/16,HOU,1,2,2
44,BKN,10/28/16,IND,1,2,2
45,LAL,10/28/16,UTA,0,2,3
46,OKC,10/28/16,PHX,1,2,2
47,NOP,10/28/16,GSW,1,2,3
48,PHX,10/28/16,OKC,0,2,2
49,HOU,10/28/16,DAL,0,2,2
50,BKN,10/29/16,MIL,0,1,3
51,NOP,10/29/16,SAS,0,1,2
52,BOS,10/29/16,CHA,0,2,1
53,IND,10/29/16,CHI,0,1,2
54,MIL,10/29/16,BKN,1,3,1
55,SAS,10/29/16,NOP,1,2,1
56,DEN,10/29/16,POR,1,3,2
57,MIN,10/29/16,SAC,0,3,2
58,CLE,10/29/16,ORL,1,1,1
59,MEM,10/29/16,NYK,0,3,4
60,PHI,10/29/16,ATL,1,3,2
61,CHI,10/29/16,IND,1,2,1
62,NYK,10/29/16,MEM,1,4,3
63,POR,10/29/16,DEN,0,2,3
64,ORL,10/29/16,CLE,0,1,1
65,CHA,10/29/16,BOS,1,1,2
66,ATL,10/29/16,PHI,0,2,3
67,SAC,10/29/16,MIN,1,2,3
68,MIL,10/30/16,DET,0,1,2
69,DET,10/30/16,MIL,1,2,1
70,LAC,10/30/16,UTA,1,3,2
71,OKC,10/30/16,LAL,1,2,2
72,GSW,10/30/16,PHX,0,2,2
73,SAS,10/30/16,MIA,0,1,2
74,UTA,10/30/16,LAC,0,2,3
75,MIA,10/30/16,SAS,1,2,1
76,LAL,10/30/16,OKC,0,2,2
77,PHX,10/30/16,GSW,1,2,2
78,HOU,10/30/16,DAL,1,2,2
79,DAL,10/30/16,HOU,0,2,2
80,WAS,10/30/16,MEM,0,3,1
81,MEM,10/30/16,WAS,1,1,3
82,ATL,10/31/16,SAC,1,2,2
83,BKN,10/31/16,CHI,1,2,2
84,PHX,10/31/16,LAC,0,1,1
85,SAC,10/31/16,ATL,0,2,2
86,DEN,10/31/16,TOR,0,2,3
87,CHI,10/31/16,BKN,0,2,2
88,LAC,10/31/16,PHX,1,1,1
89,TOR,10/31/16,DEN,1,3,2
90,MIN,11/1/16,MEM,1,3,2
91,UTA,11/1/16,SAS,0,2,2
92,CLE,11/1/16,HOU,1,3,2
93,NOP,11/1/16,MIL,1,3,2
94,LAL,11/1/16,IND,0,2,3
95,PHI,11/1/16,ORL,1,3,3
96,IND,11/1/16,LAL,1,3,2
97,GSW,11/1/16,POR,0,2,3
98,MEM,11/1/16,MIN,0,2,3
99,SAC,11/1/16,MIA,0,1,2
100,HOU,11/1/16,CLE,0,2,3
101,ORL,11/1/16,PHI,0,3,3
102,MIA,11/1/16,SAC,1,2,1
103,MIL,11/1/16,NOP,0,2,3
104,POR,11/1/16,GSW,1,3,2
105,DET,11/1/16,NYK,1,2,3
106,SAS,11/1/16,UTA,1,2,2
107,NYK,11/1/16,DET,0,3,2
108,WAS,11/2/16,TOR,1,3,2
109,ATL,11/2/16,LAL,1,2,1
110,LAC,11/2/16,OKC,1,2,3
111,NYK,11/2/16,HOU,1,1,1
112,MEM,11/2/16,NOP,1,1,1
113,PHI,11/2/16,CHA,0,1,4
114,CHA,11/2/16,PHI,1,4,1
115,BKN,11/2/16,DET,1,2,1
116,TOR,11/2/16,WAS,0,2,3
117,UTA,11/2/16,DAL,1,1,3
118,DET,11/2/16,BKN,0,1,2
119,PHX,11/2/16,POR,1,2,1
120,NOP,11/2/16,MEM,0,1,1
121,OKC,11/2/16,LAC,0,3,2
122,BOS,11/2/16,CHI,1,4,2
123,POR,11/2/16,PHX,0,1,2
124,LAL,11/2/16,ATL,0,1,2
125,CHI,11/2/16,BOS,0,2,4
126,HOU,11/2/16,NYK,0,1,1
127,DAL,11/2/16,UTA,0,3,1
128,SAC,11/3/16,ORL,0,2,2
129,MIN,11/3/16,DEN,1,2,3
130,ORL,11/3/16,SAC,1,2,2
131,IND,11/3/16,MIL,0,2,2
132,BOS,11/3/16,CLE,0,1,2
133,CLE,11/3/16,BOS,1,2,1
134,MIL,11/3/16,IND,1,2,2
135,GSW,11/3/16,OKC,1,2,1
136,OKC,11/3/16,GSW,0,1,2
137,DEN,11/3/16,MIN,0,3,2
138,PHX,11/4/16,NOP,0,2,2
139,BKN,11/4/16,CHA,1,2,2
140,POR,11/4/16,DAL,0,2,2
141,LAL,11/4/16,GSW,1,2,1
142,LAC,11/4/16,MEM,0,2,2
143,NYK,11/4/16,CHI,0,2,2
144,CHA,11/4/16,BKN,0,2,2
145,UTA,11/4/16,SAS,1,2,3
146,SAS,11/4/16,UTA,0,3,2
147,WAS,11/4/16,ATL,1,2,2
148,MIA,11/4/16,TOR,0,3,2
149,CHI,11/4/16,NYK,1,2,2
150,NOP,11/4/16,PHX,1,2,2
151,DAL,11/4/16,POR,1,2,2
152,TOR,11/4/16,MIA,1,2,3
153,GSW,11/4/16,LAL,0,1,2
154,ATL,11/4/16,WAS,0,2,2
155,MEM,11/4/16,LAC,1,2,2
156,MIL,11/5/16,SAC,1,2,2
157,DEN,11/5/16,DET,0,2,3
158,WAS,11/5/16,ORL,0,1,2
159,PHI,11/5/16,CLE,1,3,2
160,ORL,11/5/16,WAS,1,2,1
161,SAS,11/5/16,LAC,1,1,1
162,DET,11/5/16,DEN,1,3,2
163,ATL,11/5/16,HOU,1,1,3
164,LAC,11/5/16,SAS,0,1,1
165,OKC,11/5/16,MIN,1,2,2
166,IND,11/5/16,CHI,1,2,1
167,CHI,11/5/16,IND,0,1,2
168,SAC,11/5/16,MIL,0,2,2
169,CLE,11/5/16,PHI,0,2,3
170,HOU,11/5/16,ATL,0,3,1
171,MIN,11/5/16,OKC,0,2,2
172,BOS,11/6/16,DEN,1,3,1
173,PHX,11/6/16,LAL,0,2,2
174,DEN,11/6/16,BOS,0,1,3
175,DAL,11/6/16,MIL,1,2,1
176,TOR,11/6/16,SAC,1,2,1
177,LAL,11/6/16,PHX,1,2,2
178,MIL,11/6/16,DAL,0,1,2
179,UTA,11/6/16,NYK,0,2,2
180,NYK,11/6/16,UTA,1,2,2
181,MEM,11/6/16,POR,1,2,2
182,POR,11/6/16,MEM,0,2,2
183,SAC,11/6/16,TOR,0,1,2
184,OKC,11/7/16,MIA,1,2,3
185,HOU,11/7/16,WAS,0,2,2
186,WAS,11/7/16,HOU,1,2,2
187,CHA,11/7/16,IND,1,3,2
188,PHI,11/7/16,UTA,1,2,1
189,GSW,11/7/16,NOP,1,3,3
190,DET,11/7/16,LAC,0,2,2
191,UTA,11/7/16,PHI,0,1,2
192,NOP,11/7/16,GSW,0,3,3
193,LAC,11/7/16,DET,1,2,2
194,CHI,11/7/16,ORL,1,2,2
195,ORL,11/7/16,CHI,0,2,2
196,IND,11/7/16,CHA,0,2,3
197,MIA,11/7/16,OKC,0,3,2
198,CLE,11/8/16,ATL,1,3,3
199,DEN,11/8/16,MEM,0,2,2
200,ATL,11/8/16,CLE,0,3,3
201,BKN,11/8/16,MIN,1,4,3
202,NOP,11/8/16,SAC,0,1,2
203,MEM,11/8/16,DEN,1,2,2
204,SAC,11/8/16,NOP,1,2,1
205,PHX,11/8/16,POR,0,2,2
206,POR,11/8/16,PHX,1,2,2
207,MIN,11/8/16,BKN,0,3,4
208,LAL,11/8/16,DAL,1,2,2
209,DAL,11/8/16,LAL,0,2,2
210,TOR,11/9/16,OKC,0,3,2
211,MIN,11/9/16,ORL,0,1,2
212,POR,11/9/16,LAC,0,1,2
213,ATL,11/9/16,CHI,1,1,2
214,GSW,11/9/16,DAL,1,2,1
215,LAC,11/9/16,POR,1,2,1
216,HOU,11/9/16,SAS,0,2,4
217,SAS,11/9/16,HOU,1,4,2
218,IND,11/9/16,PHI,1,2,2
219,DET,11/9/16,PHX,0,2,1
220,ORL,11/9/16,MIN,1,2,1
221,DAL,11/9/16,GSW,0,1,2
222,WAS,11/9/16,BOS,1,2,3
223,OKC,11/9/16,TOR,1,2,3
224,BKN,11/9/16,NYK,0,1,3
225,CHA,11/9/16,UTA,1,2,2
226,NYK,11/9/16,BKN,1,3,1
227,PHX,11/9/16,DET,1,1,2
228,PHI,11/9/16,IND,0,2,2
229,CHI,11/9/16,ATL,0,2,1
230,BOS,11/9/16,WAS,0,3,2
231,UTA,11/9/16,CHA,0,2,2
232,MIA,11/10/16,CHI,1,3,1
233,GSW,11/10/16,DEN,0,1,2
234,CHI,11/10/16,MIA,0,1,3
235,SAC,11/10/16,LAL,1,2,2
236,NOP,11/10/16,MIL,0,2,4
237,MIL,11/10/16,NOP,1,4,2
238,LAL,11/10/16,SAC,0,2,2
239,DEN,11/10/16,GSW,1,2,1
240,CLE,11/11/16,WAS,0,3,2
241,LAC,11/11/16,OKC,0,2,2
242,TOR,11/11/16,CHA,0,2,2
243,SAC,11/11/16,POR,0,1,2
244,DET,11/11/16,SAS,0,2,2
245,PHI,11/11/16,IND,1,2,2
246,CHA,11/11/16,TOR,1,2,2
247,BOS,11/11/16,NYK,1,2,2
248,UTA,11/11/16,ORL,0,2,2
249,SAS,11/11/16,DET,1,2,2
250,NYK,11/11/16,BOS,0,2,2
251,OKC,11/11/16,LAC,1,2,2
252,IND,11/11/16,PHI,0,2,2
253,WAS,11/11/16,CLE,1,2,3
254,ORL,11/11/16,UTA,1,2,2
255,POR,11/11/16,SAC,1,2,1
256,MIA,11/12/16,UTA,1,2,1
257,LAC,11/12/16,MIN,0,1,3
258,WAS,11/12/16,CHI,0,1,2
259,MIN,11/12/16,LAC,1,3,1
260,MIL,11/12/16,MEM,1,2,4
261,HOU,11/12/16,SAS,1,3,1
262,DET,11/12/16,DEN,0,1,2
263,PHX,11/12/16,BKN,1,3,3
264,UTA,11/12/16,MIA,0,1,2
265,DEN,11/12/16,DET,1,2,1
266,LAL,11/12/16,NOP,0,2,2
267,SAS,11/12/16,HOU,0,1,3
268,BKN,11/12/16,PHX,0,3,3
269,CHI,11/12/16,WAS,1,2,1
270,BOS,11/12/16,IND,0,1,1
271,TOR,11/12/16,NYK,1,1,1
272,ATL,11/12/16,PHI,1,3,1
273,NYK,11/12/16,TOR,0,1,1
274,PHI,11/12/16,ATL,0,1,3
275,MEM,11/12/16,MIL,0,4,2
276,IND,11/12/16,BOS,1,1,1
277,NOP,11/12/16,LAL,1,2,2
278,CLE,11/13/16,CHA,1,2,2
279,POR,11/13/16,DEN,1,2,1
280,DEN,11/13/16,POR,0,1,2
281,OKC,11/13/16,ORL,1,2,2
282,LAL,11/13/16,MIN,0,1,1
283,PHX,11/13/16,GSW,0,1,3
284,MIN,11/13/16,LAL,1,1,1
285,ORL,11/13/16,OKC,0,2,2
286,CHA,11/13/16,CLE,0,2,2
287,GSW,11/13/16,PHX,1,3,1
288,PHI,11/14/16,HOU,0,2,2
289,DET,11/14/16,OKC,1,2,1
290,BKN,11/14/16,LAC,0,2,2
291,MEM,11/14/16,UTA,0,2,2
292,ORL,11/14/16,IND,0,1,2
293,BOS,11/14/16,NOP,0,2,2
294,OKC,11/14/16,DET,0,1,2
295,NYK,11/14/16,DAL,1,2,5
296,UTA,11/14/16,MEM,1,2,2
297,SAS,11/14/16,MIA,1,2,2
298,HOU,11/14/16,PHI,1,2,2
299,NOP,11/14/16,BOS,1,2,2
300,MIA,11/14/16,SAS,0,2,2
301,IND,11/14/16,ORL,1,2,1
302,DAL,11/14/16,NYK,0,5,2
303,LAC,11/14/16,BKN,1,2,2
304,MIA,11/15/16,ATL,1,1,3
305,ATL,11/15/16,MIA,0,3,1
306,LAL,11/15/16,BKN,1,2,1
307,CLE,11/15/16,TOR,1,2,3
308,POR,11/15/16,CHI,1,2,3
309,CHA,11/15/16,MIN,0,2,2
310,MIN,11/15/16,CHA,1,2,2
311,CHI,11/15/16,POR,0,3,2
312,BKN,11/15/16,LAL,0,1,2
313,TOR,11/15/16,CLE,0,3,2
314,LAC,11/16/16,MEM,1,2,2
315,NOP,11/16/16,ORL,0,2,2
316,MIL,11/16/16,ATL,0,4,1
317,ATL,11/16/16,MIL,1,1,4
318,ORL,11/16/16,NOP,1,2,2
319,WAS,11/16/16,PHI,0,4,2
320,DAL,11/16/16,BOS,0,2,2
321,CLE,11/16/16,IND,0,1,2
322,SAS,11/16/16,SAC,0,2,5
323,SAC,11/16/16,SAS,1,5,2
324,HOU,11/16/16,OKC,0,2,2
325,MEM,11/16/16,LAC,0,2,2
326,IND,11/16/16,CLE,1,2,1
327,BOS,11/16/16,DAL,1,2,2
328,NYK,11/16/16,DET,1,2,2
329,PHI,11/16/16,WAS,1,2,4
330,GSW,11/16/16,TOR,0,3,1
331,DEN,11/16/16,PHX,1,3,3
332,DET,11/16/16,NYK,0,2,2
333,PHX,11/16/16,DEN,0,3,3
334,TOR,11/16/16,GSW,1,1,3
335,OKC,11/16/16,HOU,1,2,2
336,MIN,11/17/16,PHI,1,2,1
337,CHI,11/17/16,UTA,0,2,3
338,MIA,11/17/16,MIL,1,2,1
339,MIL,11/17/16,MIA,0,1,2
340,HOU,11/17/16,POR,1,1,2
341,WAS,11/17/16,NYK,1,1,1
342,UTA,11/17/16,CHI,1,3,2
343,POR,11/17/16,HOU,0,2,1
344,PHI,11/17/16,MIN,0,1,2
345,NYK,11/17/16,WAS,0,1,1
346,CLE,11/18/16,DET,1,2,2
347,NOP,11/18/16,POR,1,2,1
348,DET,11/18/16,CLE,0,2,2
349,BOS,11/18/16,GSW,1,2,2
350,PHX,11/18/16,IND,0,2,2
351,OKC,11/18/16,BKN,1,2,3
352,MEM,11/18/16,DAL,0,2,2
353,BKN,11/18/16,OKC,0,3,2
354,GSW,11/18/16,BOS,0,2,2
355,LAC,11/18/16,SAC,0,2,2
356,ATL,11/18/16,CHA,0,2,3
357,DAL,11/18/16,MEM,1,2,2
358,CHA,11/18/16,ATL,1,3,2
359,TOR,11/18/16,DEN,0,2,2
360,SAC,11/18/16,LAC,1,2,2
361,POR,11/18/16,NOP,0,1,2
362,LAL,11/18/16,SAS,1,3,2
363,IND,11/18/16,PHX,1,2,2
364,DEN,11/18/16,TOR,1,2,2
365,SAS,11/18/16,LAL,0,2,3
366,MIA,11/19/16,WAS,0,2,2
367,DET,11/19/16,BOS,1,1,1
368,CHI,11/19/16,LAC,0,2,1
369,MEM,11/19/16,MIN,1,1,2
370,CHA,11/19/16,NOP,0,1,1
371,WAS,11/19/16,MIA,1,2,2
372,GSW,11/19/16,MIL,0,1,2
373,UTA,11/19/16,HOU,0,2,2
374,HOU,11/19/16,UTA,1,2,2
375,ORL,11/19/16,DAL,1,3,1
376,DAL,11/19/16,ORL,0,1,3
377,NOP,11/19/16,CHA,1,1,1
378,MIL,11/19/16,GSW,1,2,1
379,PHX,11/19/16,PHI,0,1,2
380,PHI,11/19/16,PHX,1,2,1
381,BOS,11/19/16,DET,0,1,1
382,LAC,11/19/16,CHI,1,1,2
383,MIN,11/19/16,MEM,0,2,1
384,TOR,11/20/16,SAC,0,2,2
385,NYK,11/20/16,ATL,1,3,2
386,POR,11/20/16,BKN,0,2,2
387,SAC,11/20/16,TOR,1,2,2
388,DEN,11/20/16,UTA,1,2,1
389,CHI,11/20/16,LAL,0,1,2
390,LAL,11/20/16,CHI,1,2,1
391,UTA,11/20/16,DEN,0,1,2
392,ATL,11/20/16,NYK,0,2,3
393,BKN,11/20/16,POR,1,2,2
394,IND,11/20/16,OKC,0,2,2
395,OKC,11/20/16,IND,1,2,2
396,DET,11/21/16,HOU,1,2,2
397,ORL,11/21/16,MIL,0,2,2
398,PHI,11/21/16,MIA,1,2,2
399,MIN,11/21/16,BOS,1,2,2
400,WAS,11/21/16,PHX,1,2,2
401,MIA,11/21/16,PHI,0,2,2
402,PHX,11/21/16,WAS,0,2,2
403,BOS,11/21/16,MIN,0,2,2
404,TOR,11/21/16,LAC,0,1,2
405,HOU,11/21/16,DET,0,2,2
406,DAL,11/21/16,SAS,0,2,3
407,IND,11/21/16,GSW,1,1,2
408,MIL,11/21/16,ORL,1,2,2
409,SAS,11/21/16,DAL,1,3,2
410,CHA,11/21/16,MEM,1,2,2
411,LAC,11/21/16,TOR,1,2,1
412,GSW,11/21/16,IND,0,2,1
413,MEM,11/21/16,CHA,0,2,2
414,ATL,11/22/16,NOP,1,2,3
415,DEN,11/22/16,CHI,1,2,2
416,CHI,11/22/16,DEN,0,2,2
417,LAL,11/22/16,OKC,1,2,2
418,NOP,11/22/16,ATL,0,3,2
419,NYK,11/22/16,POR,1,2,2
420,OKC,11/22/16,LAL,0,2,2
421,POR,11/22/16,NYK,0,2,2
422,MEM,11/23/16,PHI,0,2,2
423,HOU,11/23/16,TOR,1,2,2
424,LAC,11/23/16,DAL,0,2,2
425,MIA,11/23/16,DET,0,2,2
426,DET,11/23/16,MIA,1,2,2
427,POR,11/23/16,CLE,0,1,5
428,ATL,11/23/16,IND,0,1,2
429,CHA,11/23/16,SAS,1,2,2
430,NOP,11/23/16,MIN,1,1,2
431,OKC,11/23/16,SAC,0,1,3
432,PHX,11/23/16,ORL,0,2,2
433,GSW,11/23/16,LAL,1,2,1
434,DEN,11/23/16,UTA,0,1,3
435,IND,11/23/16,ATL,1,2,1
436,DAL,11/23/16,LAC,1,2,2
437,BOS,11/23/16,BKN,0,2,3
438,CLE,11/23/16,POR,1,5,1
439,BKN,11/23/16,BOS,1,3,2
440,LAL,11/23/16,GSW,0,1,2
441,UTA,11/23/16,DEN,1,3,1
442,SAC,11/23/16,OKC,1,3,1
443,MIN,11/23/16,NOP,0,2,1
444,TOR,11/23/16,HOU,0,2,2
445,ORL,11/23/16,PHX,1,2,2
446,PHI,11/23/16,MEM,1,2,2
447,SAS,11/23/16,CHA,0,2,2
448,BKN,11/25/16,IND,0,2,2
449,LAC,11/25/16,DET,0,2,2
450,POR,11/25/16,NOP,1,2,2
451,CLE,11/25/16,DAL,1,2,2
452,ORL,11/25/16,WAS,1,2,4
453,ATL,11/25/16,UTA,0,2,2
454,SAC,11/25/16,HOU,1,2,2
455,CHA,11/25/16,NYK,0,2,3
456,BOS,11/25/16,SAS,1,2,2
457,IND,11/25/16,BKN,1,2,2
458,MIA,11/25/16,MEM,0,2,2
459,MEM,11/25/16,MIA,1,2,2
460,PHI,11/25/16,CHI,1,2,3
461,GSW,11/25/16,LAL,0,2,2
462,DET,11/25/16,LAC,1,2,2
463,MIN,11/25/16,PHX,0,2,2
464,PHX,11/25/16,MIN,1,2,2
465,HOU,11/25/16,SAC,0,2,2
466,SAS,11/25/16,BOS,0,2,2
467,DEN,11/25/16,OKC,1,2,2
468,NOP,11/25/16,POR,0,2,2
469,MIL,11/25/16,TOR,1,4,2
470,WAS,11/25/16,ORL,0,4,2
471,OKC,11/25/16,DEN,0,2,2
472,DAL,11/25/16,CLE,0,2,2
473,NYK,11/25/16,CHA,1,3,2
474,LAL,11/25/16,GSW,1,2,2
475,TOR,11/25/16,MIL,0,2,4
476,CHI,11/25/16,PHI,0,3,2
477,UTA,11/25/16,ATL,1,2,2
478,MIA,11/26/16,MEM,1,1,1
479,WAS,11/26/16,SAS,1,1,1
480,NYK,11/26/16,CHA,0,1,1
481,GSW,11/26/16,MIN,1,1,1
482,CHA,11/26/16,NYK,1,1,1
483,OKC,11/26/16,DET,1,1,1
484,SAS,11/26/16,WAS,0,1,1
485,MIN,11/26/16,GSW,0,1,1
486,MEM,11/26/16,MIA,0,1,1
487,DET,11/26/16,OKC,0,1,1
488,CLE,11/27/16,PHI,0,2,2
489,IND,11/27/16,LAC,1,2,2
490,ATL,11/27/16,LAL,0,2,2
491,POR,11/27/16,HOU,1,2,2
492,PHI,11/27/16,CLE,1,2,2
493,DAL,11/27/16,NOP,1,2,2
494,MIL,11/27/16,ORL,0,2,2
495,SAC,11/27/16,BKN,0,2,2
496,LAC,11/27/16,IND,0,2,2
497,HOU,11/27/16,POR,0,2,2
498,DEN,11/27/16,PHX,0,2,2
499,NOP,11/27/16,DAL,0,2,2
500,PHX,11/27/16,DEN,1,2,2
501,BKN,11/27/16,SAC,1,2,2
502,LAL,11/27/16,ATL,1,2,2
503,ORL,11/27/16,MIL,1,2,2
504,NYK,11/28/16,OKC,1,2,2
505,OKC,11/28/16,NYK,0,2,2
506,MIA,11/28/16,BOS,1,2,3
507,MEM,11/28/16,CHA,1,2,2
508,WAS,11/28/16,SAC,1,2,1
509,GSW,11/28/16,ATL,1,2,1
510,CHA,11/28/16,MEM,0,2,2
511,SAC,11/28/16,WAS,0,1,2
512,PHI,11/28/16,TOR,0,1,3
513,BOS,11/28/16,MIA,0,3,2
514,TOR,11/28/16,PHI,1,3,1
515,MIN,11/28/16,UTA,1,2,3
516,ATL,11/28/16,GSW,0,1,2
517,UTA,11/28/16,MIN,0,3,2
518,CHA,11/29/16,DET,1,1,3
519,HOU,11/29/16,UTA,0,2,1
520,LAC,11/29/16,BKN,0,2,2
521,NOP,11/29/16,LAL,1,2,2
522,ORL,11/29/16,SAS,0,2,3
523,CLE,11/29/16,MIL,0,2,2
524,MIL,11/29/16,CLE,1,2,2
525,BKN,11/29/16,LAC,1,2,2
526,DET,11/29/16,CHA,0,3,1
527,SAS,11/29/16,ORL,1,3,2
528,LAL,11/29/16,NOP,0,2,2
529,UTA,11/29/16,HOU,1,1,2
530,POR,11/30/16,IND,1,3,3
531,PHX,11/30/16,ATL,1,3,2
532,MIA,11/30/16,DEN,0,2,3
533,TOR,11/30/16,MEM,1,2,2
534,IND,11/30/16,POR,0,3,3
535,SAS,11/30/16,DAL,0,1,3
536,MEM,11/30/16,TOR,0,2,2
537,LAL,11/30/16,CHI,0,1,5
538,DAL,11/30/16,SAS,1,3,1
539,WAS,11/30/16,OKC,0,2,2
540,NYK,11/30/16,MIN,0,2,2
541,BOS,11/30/16,DET,1,2,1
542,CHI,11/30/16,LAL,1,5,1
543,ATL,11/30/16,PHX,0,2,3
544,DET,11/30/16,BOS,0,1,2
545,OKC,11/30/16,WAS,1,2,2
546,MIN,11/30/16,NYK,1,2,2
547,DEN,11/30/16,MIA,1,3,2
548,ORL,12/1/16,MEM,0,2,1
549,MEM,12/1/16,ORL,1,1,2
550,HOU,12/1/16,GSW,0,2,3
551,CHA,12/1/16,DAL,1,2,1
552,LAC,12/1/16,CLE,0,2,2
553,CLE,12/1/16,LAC,1,2,2
554,GSW,12/1/16,HOU,1,3,2
555,DAL,12/1/16,CHA,0,1,2
556,BKN,12/1/16,MIL,1,2,2
557,MIL,12/1/16,BKN,0,2,2
558,MIA,12/1/16,UTA,0,1,2
559,UTA,12/1/16,MIA,1,2,1
560,LAL,12/2/16,TOR,0,2,2
561,SAS,12/2/16,WAS,1,2,2
562,SAC,12/2/16,BOS,0,4,2
563,CLE,12/2/16,CHI,0,1,2
564,DET,12/2/16,ATL,0,2,2
565,HOU,12/2/16,DEN,0,1,2
566,BOS,12/2/16,SAC,1,2,4
567,CHI,12/2/16,CLE,1,2,1
568,PHI,12/2/16,ORL,1,4,1
569,WAS,12/2/16,SAS,0,2,2
570,TOR,12/2/16,LAL,1,2,2
571,ORL,12/2/16,PHI,0,1,4
572,DEN,12/2/16,HOU,1,2,1
573,ATL,12/2/16,DET,1,2,2
574,NYK,12/2/16,MIN,1,2,2
575,MIN,12/2/16,NYK,0,2,2
576,LAC,12/2/16,NOP,0,1,3
577,NOP,12/2/16,LAC,1,3,1
578,PHI,12/3/16,BOS,1,1,1
579,TOR,12/3/16,ATL,1,1,1
580,PHX,12/3/16,GSW,0,3,2
581,DEN,12/3/16,UTA,0,1,2
582,UTA,12/3/16,DEN,1,2,1
583,MIN,12/3/16,CHA,0,1,2
584,MIA,12/3/16,POR,0,2,3
585,ATL,12/3/16,TOR,0,1,1
586,BKN,12/3/16,MIL,0,2,2
587,DAL,12/3/16,CHI,1,2,1
588,BOS,12/3/16,PHI,0,1,1
589,CHI,12/3/16,DAL,0,1,2
590,MEM,12/3/16,LAL,1,2,1
591,CHA,12/3/16,MIN,1,2,1
592,POR,12/3/16,MIA,1,3,2
593,LAL,12/3/16,MEM,0,1,2
594,MIL,12/3/16,BKN,1,2,2
595,GSW,12/3/16,PHX,1,2,3
596,NOP,12/4/16,OKC,0,2,4
597,DET,12/4/16,ORL,1,2,2
598,NYK,12/4/16,SAC,1,2,2
599,OKC,12/4/16,NOP,1,4,2
600,SAC,12/4/16,NYK,0,2,2
601,ORL,12/4/16,DET,0,2,2
602,LAC,12/4/16,IND,1,2,4
603,IND,12/4/16,LAC,0,4,2
604,TOR,12/5/16,CLE,1,2,3
605,LAL,12/5/16,UTA,1,2,2
606,GSW,12/5/16,IND,1,2,1
607,MIL,12/5/16,SAS,1,2,3
608,ATL,12/5/16,OKC,1,2,1
609,CHA,12/5/16,DAL,0,2,2
610,DAL,12/5/16,CHA,1,2,2
611,IND,12/5/16,GSW,0,1,2
612,HOU,12/5/16,BOS,1,3,2
613,BKN,12/5/16,WAS,1,2,3
614,POR,12/5/16,CHI,0,2,2
615,MEM,12/5/16,NOP,0,2,1
616,NOP,12/5/16,MEM,1,1,2
617,DEN,12/5/16,PHI,0,2,2
618,PHI,12/5/16,DEN,1,2,2
619,CHI,12/5/16,POR,1,2,2
620,BOS,12/5/16,HOU,0,2,3
621,CLE,12/5/16,TOR,0,3,2
622,SAS,12/5/16,MIL,0,3,2
623,OKC,12/5/16,ATL,0,1,2
624,UTA,12/5/16,LAL,0,2,2
625,WAS,12/5/16,BKN,0,3,2
626,NYK,12/6/16,MIA,0,2,3
627,UTA,12/6/16,PHX,1,1,3
628,PHI,12/6/16,MEM,0,1,1
629,MIA,12/6/16,NYK,1,3,2
630,MEM,12/6/16,PHI,1,1,1
631,SAS,12/6/16,MIN,0,1,3
632,DET,12/6/16,CHI,1,2,1
633,PHX,12/6/16,UTA,0,3,1
634,CHI,12/6/16,DET,0,1,2
635,WAS,12/6/16,ORL,1,1,2
636,MIN,12/6/16,SAS,1,3,1
637,ORL,12/6/16,WAS,0,2,1
638,BOS,12/7/16,ORL,0,2,1
639,ORL,12/7/16,BOS,1,1,2
640,HOU,12/7/16,LAL,1,2,2
641,NYK,12/7/16,CLE,1,1,2
642,DAL,12/7/16,SAC,1,2,3
643,GSW,12/7/16,LAC,0,2,3
644,CLE,12/7/16,NYK,0,2,1
645,SAC,12/7/16,DAL,0,3,2
646,MIL,12/7/16,POR,1,2,2
647,LAL,12/7/16,HOU,0,2,2
648,POR,12/7/16,MIL,0,2,2
649,IND,12/7/16,PHX,0,2,1
650,PHX,12/7/16,IND,1,1,2
651,CHA,12/7/16,DET,1,2,1
652,LAC,12/7/16,GSW,1,3,2
653,DEN,12/7/16,BKN,0,2,2
654,DET,12/7/16,CHA,0,1,2
655,BKN,12/7/16,DEN,1,2,2
656,MIA,12/7/16,ATL,0,1,2
657,ATL,12/7/16,MIA,1,2,1
658,MEM,12/8/16,POR,1,2,1
659,SAS,12/8/16,CHI,0,2,2
660,GSW,12/8/16,UTA,0,1,2
661,POR,12/8/16,MEM,0,1,2
662,PHI,12/8/16,NOP,0,2,3
663,TOR,12/8/16,MIN,1,3,2
664,CHI,12/8/16,SAS,1,2,2
665,DEN,12/8/16,WAS,0,1,2
666,UTA,12/8/16,GSW,1,2,1
667,MIN,12/8/16,TOR,0,2,3
668,WAS,12/8/16,DEN,1,2,1
669,NOP,12/8/16,PHI,1,3,2
670,PHX,12/9/16,LAL,0,2,2
671,MIN,12/9/16,DET,1,1,2
672,ORL,12/9/16,CHA,0,2,2
673,TOR,12/9/16,BOS,0,1,2
674,HOU,12/9/16,OKC,0,2,4
675,DET,12/9/16,MIN,0,2,1
676,CHA,12/9/16,ORL,1,2,2
677,LAL,12/9/16,PHX,1,2,2
678,MIA,12/9/16,CLE,0,2,2
679,SAC,12/9/16,NYK,1,2,2
680,IND,12/9/16,DAL,0,2,2
681,MIL,12/9/16,ATL,1,2,2
682,OKC,12/9/16,HOU,1,4,2
683,DAL,12/9/16,IND,1,2,2
684,CLE,12/9/16,MIA,1,2,2
685,BOS,12/9/16,TOR,1,2,1
686,ATL,12/9/16,MIL,0,2,2
687,NYK,12/9/16,SAC,0,2,2
688,CHA,12/10/16,CLE,0,1,1
689,SAS,12/10/16,BKN,1,2,3
690,POR,12/10/16,IND,0,2,1
691,ORL,12/10/16,DEN,1,1,2
692,DEN,12/10/16,ORL,0,2,1
693,DAL,12/10/16,HOU,0,1,1
694,LAC,12/10/16,NOP,1,3,2
695,NOP,12/10/16,LAC,0,2,3
696,HOU,12/10/16,DAL,1,1,1
697,IND,12/10/16,POR,1,1,2
698,WAS,12/10/16,MIL,1,2,1
699,BKN,12/10/16,SAS,0,3,2
700,UTA,12/10/16,SAC,1,2,1
701,CLE,12/10/16,CHA,1,1,1
702,CHI,12/10/16,MIA,1,2,1
703,SAC,12/10/16,UTA,0,1,2
704,MIL,12/10/16,WAS,0,1,2
705,MEM,12/10/16,GSW,1,2,2
706,MIA,12/10/16,CHI,0,1,2
707,GSW,12/10/16,MEM,0,2,2
708,LAL,12/11/16,NYK,1,2,2
709,OKC,12/11/16,BOS,1,2,2
710,BOS,12/11/16,OKC,0,2,2
711,DET,12/11/16,PHI,1,2,3
712,NOP,12/11/16,PHX,0,1,2
713,NYK,12/11/16,LAL,0,2,2
714,PHX,12/11/16,NOP,1,2,1
715,PHI,12/11/16,DET,0,3,2
716,MIN,12/11/16,GSW,1,2,1
717,GSW,12/11/16,MIN,0,1,2
718,IND,12/12/16,CHA,1,2,2
719,CHA,12/12/16,IND,0,2,2
720,SAC,12/12/16,LAL,1,2,1
721,WAS,12/12/16,MIA,0,2,2
722,HOU,12/12/16,BKN,1,2,2
723,MIA,12/12/16,WAS,1,2,2
724,DAL,12/12/16,DEN,1,2,2
725,DEN,12/12/16,DAL,0,2,2
726,POR,12/12/16,LAC,0,2,2
727,MIL,12/12/16,TOR,0,2,3
728,LAL,12/12/16,SAC,0,1,2
729,TOR,12/12/16,MIL,1,3,2
730,BKN,12/12/16,HOU,0,2,2
731,LAC,12/12/16,POR,1,2,2
732,NYK,12/13/16,PHX,0,2,2
733,MEM,12/13/16,CLE,0,3,3
734,NOP,12/13/16,GSW,1,2,2
735,CHI,12/13/16,MIN,1,3,2
736,ORL,12/13/16,ATL,0,3,4
737,POR,12/13/16,OKC,1,1,2
738,GSW,12/13/16,NOP,0,2,2
739,CLE,12/13/16,MEM,1,3,3
740,PHX,12/13/16,NYK,1,2,2
741,ATL,12/13/16,ORL,1,4,3
742,MIN,12/13/16,CHI,0,2,3
743,OKC,12/13/16,POR,0,2,1
744,CHA,12/14/16,WAS,0,2,2
745,BKN,12/14/16,LAL,1,2,2
746,SAC,12/14/16,HOU,0,2,2
747,HOU,12/14/16,SAC,1,2,2
748,CLE,12/14/16,MEM,0,1,1
749,SAS,12/14/16,BOS,1,4,3
750,LAC,12/14/16,ORL,0,2,1
751,LAL,12/14/16,BKN,0,2,2
752,IND,12/14/16,MIA,0,2,2
753,TOR,12/14/16,PHI,0,2,3
754,UTA,12/14/16,OKC,1,4,1
755,WAS,12/14/16,CHA,1,2,2
756,ORL,12/14/16,LAC,1,1,2
757,MIA,12/14/16,IND,1,2,2
758,PHI,12/14/16,TOR,1,3,2
759,OKC,12/14/16,UTA,0,1,4
760,DET,12/14/16,DAL,0,3,2
761,BOS,12/14/16,SAS,0,3,4
762,MEM,12/14/16,CLE,1,1,1
763,DAL,12/14/16,DET,1,2,3
764,CHI,12/15/16,MIL,0,2,3
765,DEN,12/15/16,POR,1,3,2
766,NYK,12/15/16,GSW,0,2,2
767,SAS,12/15/16,PHX,0,1,2
768,GSW,12/15/16,NYK,1,2,2
769,MIL,12/15/16,CHI,1,3,2
770,IND,12/15/16,NOP,0,1,2
771,NOP,12/15/16,IND,1,2,1
772,PHX,12/15/16,SAS,1,2,1
773,POR,12/15/16,DEN,0,2,3
774,CHA,12/16/16,BOS,0,2,2
775,MIA,12/16/16,LAC,1,2,2
776,HOU,12/16/16,NOP,1,2,1
777,SAC,12/16/16,MEM,0,2,2
778,UTA,12/16/16,DAL,1,2,2
779,TOR,12/16/16,ATL,1,2,3
780,DET,12/16/16,WAS,0,2,2
781,BKN,12/16/16,ORL,0,2,2
782,MIL,12/16/16,CHI,0,1,1
783,ATL,12/16/16,TOR,0,3,2
784,WAS,12/16/16,DET,1,2,2
785,CHI,12/16/16,MIL,1,1,1
786,LAL,12/16/16,PHI,0,2,2
787,MEM,12/16/16,SAC,1,2,2
788,PHI,12/16/16,LAL,1,2,2
789,NOP,12/16/16,HOU,0,1,2
790,ORL,12/16/16,BKN,1,2,2
791,DAL,12/16/16,UTA,0,2,2
792,LAC,12/16/16,MIA,0,2,2
793,BOS,12/16/16,CHA,1,2,2
794,LAL,12/17/16,CLE,0,1,3
795,DEN,12/17/16,NYK,1,2,2
796,MIN,12/17/16,HOU,1,4,1
797,OKC,12/17/16,PHX,1,3,2
798,HOU,12/17/16,MIN,0,1,4
799,IND,12/17/16,DET,0,2,1
800,PHX,12/17/16,OKC,0,2,3
801,GSW,12/17/16,POR,1,2,2
802,CHA,12/17/16,ATL,0,1,1
803,DET,12/17/16,IND,1,1,2
804,ATL,12/17/16,CHA,1,1,1
805,POR,12/17/16,GSW,0,2,2
806,NYK,12/17/16,DEN,0,2,2
807,CLE,12/17/16,LAL,1,3,1
808,SAC,12/18/16,DAL,0,2,2
809,DAL,12/18/16,SAC,1,2,2
810,LAC,12/18/16,WAS,0,2,2
811,TOR,12/18/16,ORL,0,2,2
812,WAS,12/18/16,LAC,1,2,2
813,ORL,12/18/16,TOR,1,2,2
814,BOS,12/18/16,MIA,0,2,2
815,MIA,12/18/16,BOS,1,2,2
816,NOP,12/18/16,SAS,0,2,3
817,PHI,12/18/16,BKN,1,2,2
818,UTA,12/18/16,MEM,0,2,2
819,MEM,12/18/16,UTA,1,2,2
820,BKN,12/18/16,PHI,0,2,2
821,SAS,12/18/16,NOP,1,3,2
822,ATL,12/19/16,OKC,0,2,2
823,WAS,12/19/16,IND,0,1,2
824,IND,12/19/16,WAS,1,2,1
825,PHX,12/19/16,MIN,0,2,2
826,DEN,12/19/16,DAL,1,2,1
827,DET,12/19/16,CHI,0,2,3
828,DAL,12/19/16,DEN,0,1,2
829,MIN,12/19/16,PHX,1,2,2
830,CHI,12/19/16,DET,1,3,2
831,OKC,12/19/16,ATL,1,2,2
832,NYK,12/20/16,IND,1,3,1
833,SAC,12/20/16,POR,1,2,3
834,CLE,12/20/16,MIL,0,3,4
835,UTA,12/20/16,GSW,0,2,3
836,SAS,12/20/16,HOU,0,2,3
837,BKN,12/20/16,TOR,0,2,2
838,LAC,12/20/16,DEN,1,2,1
839,NOP,12/20/16,PHI,0,2,2
840,CHA,12/20/16,LAL,1,3,3
841,DEN,12/20/16,LAC,0,1,2
842,TOR,12/20/16,BKN,1,2,2
843,GSW,12/20/16,UTA,1,3,2
844,POR,12/20/16,SAC,0,3,2
845,LAL,12/20/16,CHA,0,3,3
846,PHI,12/20/16,NOP,1,2,2
847,MIL,12/20/16,CLE,1,4,3
848,IND,12/20/16,NYK,0,1,3
849,MIA,12/20/16,ORL,1,2,2
850,BOS,12/20/16,MEM,0,2,2
851,ORL,12/20/16,MIA,0,2,2
852,MEM,12/20/16,BOS,1,2,2
853,HOU,12/20/16,SAS,1,3,2
854,POR,12/21/16,DAL,1,1,2
855,HOU,12/21/16,PHX,0,1,2
856,MEM,12/21/16,DET,0,1,2
857,OKC,12/21/16,NOP,0,2,1
858,DET,12/21/16,MEM,1,2,1
859,DAL,12/21/16,POR,0,2,1
860,WAS,12/21/16,CHI,0,2,2
861,SAC,12/21/16,UTA,0,1,1
862,CLE,12/21/16,MIL,1,1,1
863,UTA,12/21/16,SAC,1,1,1
864,CHI,12/21/16,WAS,1,2,2
865,PHX,12/21/16,HOU,1,2,1
866,ATL,12/21/16,MIN,1,2,2
867,MIL,12/21/16,CLE,0,1,1
868,MIN,12/21/16,ATL,0,2,2
869,NOP,12/21/16,OKC,1,1,2
870,BOS,12/22/16,IND,0,2,2
871,MIA,12/22/16,LAL,1,2,2
872,SAS,12/22/16,LAC,0,2,2
873,LAC,12/22/16,SAS,1,2,2
874,BKN,12/22/16,GSW,1,2,2
875,IND,12/22/16,BOS,1,2,2
876,LAL,12/22/16,MIA,0,2,2
877,ORL,12/22/16,NYK,0,2,2
878,NYK,12/22/16,ORL,1,2,2
879,GSW,12/22/16,BKN,0,2,2
880,CHA,12/23/16,CHI,1,3,2
881,ORL,12/23/16,LAL,1,1,1
882,PHX,12/23/16,PHI,1,2,3
883,CHI,12/23/16,CHA,0,2,3
884,HOU,12/23/16,MEM,0,2,2
885,GSW,12/23/16,DET,0,1,2
886,BKN,12/23/16,CLE,0,1,2
887,SAC,12/23/16,MIN,0,2,2
888,UTA,12/23/16,TOR,1,2,3
889,NOP,12/23/16,MIA,1,2,1
890,POR,12/23/16,SAS,1,2,1
891,CLE,12/23/16,BKN,1,2,1
892,OKC,12/23/16,BOS,0,2,1
893,SAS,12/23/16,POR,0,1,2
894,MIN,12/23/16,SAC,1,2,2
895,TOR,12/23/16,UTA,0,3,2
896,MIA,12/23/16,NOP,0,1,2
897,LAC,12/23/16,DAL,1,1,2
898,WAS,12/23/16,MIL,0,2,2
899,MIL,12/23/16,WAS,1,2,2
900,ATL,12/23/16,DEN,0,2,3
901,DET,12/23/16,GSW,1,2,1
902,DEN,12/23/16,ATL,1,3,2
903,LAL,12/23/16,ORL,0,1,1
904,BOS,12/23/16,OKC,1,1,2
905,MEM,12/23/16,HOU,1,2,2
906,DAL,12/23/16,LAC,0,2,1
907,PHI,12/23/16,PHX,0,3,2
908,MIN,12/25/16,OKC,0,2,2
909,CHI,12/25/16,SAS,0,2,2
910,LAC,12/25/16,LAL,0,2,2
911,OKC,12/25/16,MIN,1,2,2
912,LAL,12/25/16,LAC,1,2,2
913,BOS,12/25/16,NYK,0,2,3
914,CLE,12/25/16,GSW,1,2,2
915,SAS,12/25/16,CHI,1,2,2
916,GSW,12/25/16,CLE,0,2,2
917,NYK,12/25/16,BOS,1,3,2
918,HOU,12/26/16,PHX,1,3,3
919,MIN,12/26/16,ATL,1,1,3
920,ORL,12/26/16,MEM,1,3,3
921,CHI,12/26/16,IND,1,1,4
922,MIL,12/26/16,WAS,0,3,3
923,MEM,12/26/16,ORL,0,3,3
924,LAC,12/26/16,DEN,1,1,3
925,IND,12/26/16,CHI,0,4,1
926,DET,12/26/16,CLE,1,3,1
927,WAS,12/26/16,MIL,1,3,3
928,TOR,12/26/16,POR,0,3,3
929,DAL,12/26/16,NOP,0,3,3
930,DEN,12/26/16,LAC,0,3,1
931,PHI,12/26/16,SAC,0,3,3
932,CHA,12/26/16,BKN,0,3,3
933,CLE,12/26/16,DET,0,1,3
934,PHX,12/26/16,HOU,0,3,3
935,SAC,12/26/16,PHI,1,3,3
936,BKN,12/26/16,CHA,1,3,3
937,POR,12/26/16,TOR,1,3,3
938,ATL,12/26/16,MIN,0,3,1
939,NOP,12/26/16,DAL,1,3,3
940,MEM,12/27/16,BOS,0,1,2
941,DAL,12/27/16,HOU,1,1,1
942,BOS,12/27/16,MEM,1,2,1
943,HOU,12/27/16,DAL,0,1,1
944,UTA,12/27/16,LAL,0,4,2
945,LAL,12/27/16,UTA,1,2,4
946,OKC,12/27/16,MIA,0,2,4
947,MIA,12/27/16,OKC,1,4,2
948,SAS,12/28/16,PHX,1,3,2
949,IND,12/28/16,WAS,0,2,2
950,LAC,12/28/16,NOP,0,2,2
951,MIN,12/28/16,DEN,0,2,2
952,DEN,12/28/16,MIN,1,2,2
953,MIL,12/28/16,DET,0,2,2
954,BKN,12/28/16,CHI,0,2,2
955,CHI,12/28/16,BKN,1,2,2
956,POR,12/28/16,SAC,1,2,2
957,SAC,12/28/16,POR,0,2,2
958,ATL,12/28/16,NYK,1,2,3
959,DET,12/28/16,MIL,1,2,2
960,WAS,12/28/16,IND,1,2,2
961,CHA,12/28/16,ORL,0,2,2
962,NYK,12/28/16,ATL,0,3,2
963,NOP,12/28/16,LAC,1,2,2
964,ORL,12/28/16,CHA,1,2,2
965,PHX,12/28/16,SAS,0,2,3
966,GSW,12/28/16,TOR,1,3,2
967,TOR,12/28/16,GSW,0,2,3
968,MIA,12/29/16,CHA,0,2,1
969,DAL,12/29/16,LAL,0,2,2
970,LAL,12/29/16,DAL,1,2,2
971,PHI,12/29/16,UTA,0,3,2
972,CHA,12/29/16,MIA,1,1,2
973,OKC,12/29/16,MEM,0,2,2
974,PHX,12/29/16,TOR,1,1,1
975,TOR,12/29/16,PHX,0,1,1
976,MEM,12/29/16,OKC,1,2,2
977,UTA,12/29/16,PHI,1,2,3
978,BOS,12/29/16,CLE,0,2,3
979,CLE,12/29/16,BOS,1,3,2
980,HOU,12/30/16,LAC,1,3,2
981,BOS,12/30/16,MIA,1,1,1
982,DEN,12/30/16,PHI,1,2,1
983,GSW,12/30/16,DAL,1,2,1
984,SAS,12/30/16,POR,1,2,2
985,MIL,12/30/16,MIN,0,2,2
986,IND,12/30/16,CHI,1,2,2
987,DET,12/30/16,ATL,0,2,2
988,BKN,12/30/16,WAS,0,2,2
989,MIA,12/30/16,BOS,0,1,1
990,CHI,12/30/16,IND,0,2,2
991,WAS,12/30/16,BKN,1,2,2
992,PHI,12/30/16,DEN,0,1,2
993,POR,12/30/16,SAS,0,2,2
994,NOP,12/30/16,NYK,1,2,2
995,ATL,12/30/16,DET,1,2,2
996,NYK,12/30/16,NOP,0,2,2
997,DAL,12/30/16,GSW,0,1,2
998,LAC,12/30/16,HOU,0,2,3
999,MIN,12/30/16,MIL,1,2,2
1000,MIL,12/31/16,CHI,0,1,1
1001,LAC,12/31/16,OKC,0,1,2
1002,CLE,12/31/16,CHA,0,2,2
1003,CHA,12/31/16,CLE,1,2,2
1004,SAC,12/31/16,MEM,1,3,2
1005,OKC,12/31/16,LAC,1,2,1
1006,NYK,12/31/16,HOU,0,1,1
1007,PHX,12/31/16,UTA,0,2,2
1008,MEM,12/31/16,SAC,0,2,3
1009,HOU,12/31/16,NYK,1,1,1
1010,CHI,12/31/16,MIL,1,1,1
1011,UTA,12/31/16,PHX,1,2,2
1012,TOR,1/1/17,LAL,0,3,3
1013,MIA,1/1/17,DET,1,2,2
1014,IND,1/1/17,ORL,1,2,4
1015,LAL,1/1/17,TOR,1,3,3
1016,POR,1/1/17,MIN,0,2,2
1017,ORL,1/1/17,IND,0,4,2
1018,DET,1/1/17,MIA,0,2,2
1019,SAS,1/1/17,ATL,0,2,2
1020,ATL,1/1/17,SAS,1,2,2
1021,MIN,1/1/17,POR,1,2,2
1022,UTA,1/2/17,BKN,0,2,3
1023,HOU,1/2/17,WAS,1,2,3
1024,CHA,1/2/17,CHI,0,2,2
1025,MIL,1/2/17,OKC,1,2,2
1026,ORL,1/2/17,NYK,0,1,2
1027,BKN,1/2/17,UTA,1,3,2
1028,GSW,1/2/17,DEN,1,3,3
1029,OKC,1/2/17,MIL,0,2,2
1030,DEN,1/2/17,GSW,0,3,3
1031,PHX,1/2/17,LAC,0,2,2
1032,CLE,1/2/17,NOP,1,2,3
1033,WAS,1/2/17,HOU,0,3,2
1034,CHI,1/2/17,CHA,1,2,2
1035,NOP,1/2/17,CLE,0,3,2
1036,NYK,1/2/17,ORL,1,2,1
1037,LAC,1/2/17,PHX,1,2,2
1038,UTA,1/3/17,BOS,0,1,4
1039,TOR,1/3/17,SAS,0,2,2
1040,WAS,1/3/17,DAL,0,1,4
1041,DEN,1/3/17,SAC,1,1,3
1042,LAL,1/3/17,MEM,1,2,3
1043,PHX,1/3/17,MIA,1,1,2
1044,SAC,1/3/17,DEN,0,3,1
1045,MEM,1/3/17,LAL,0,3,2
1046,PHI,1/3/17,MIN,1,4,2
1047,DET,1/3/17,IND,1,2,2
1048,MIN,1/3/17,PHI,0,2,4
1049,MIA,1/3/17,PHX,0,2,1
1050,IND,1/3/17,DET,0,2,2
1051,DAL,1/3/17,WAS,1,4,1
1052,BOS,1/3/17,UTA,1,4,1
1053,SAS,1/3/17,TOR,1,2,2
1054,GSW,1/4/17,POR,1,2,3
1055,MEM,1/4/17,LAC,0,1,2
1056,NYK,1/4/17,MIL,1,2,2
1057,ATL,1/4/17,ORL,0,3,2
1058,SAC,1/4/17,MIA,1,1,1
1059,OKC,1/4/17,CHA,0,2,2
1060,ORL,1/4/17,ATL,1,2,3
1061,CLE,1/4/17,CHI,1,2,2
1062,MIA,1/4/17,SAC,0,1,1
1063,LAC,1/4/17,MEM,1,2,1
1064,CHA,1/4/17,OKC,1,2,2
1065,POR,1/4/17,GSW,0,3,2
1066,MIL,1/4/17,NYK,0,2,2
1067,CHI,1/4/17,CLE,0,2,2
1068,OKC,1/5/17,HOU,0,1,3
1069,CHA,1/5/17,DET,0,1,2
1070,LAL,1/5/17,POR,0,2,1
1071,BKN,1/5/17,IND,0,3,2
1072,NOP,1/5/17,ATL,1,3,1
1073,UTA,1/5/17,TOR,0,2,2
1074,HOU,1/5/17,OKC,1,3,1
1075,DET,1/5/17,CHA,1,2,1
1076,POR,1/5/17,LAL,1,1,2
1077,IND,1/5/17,BKN,1,2,3
1078,ATL,1/5/17,NOP,0,1,3
1079,SAS,1/5/17,DEN,0,2,2
1080,DEN,1/5/17,SAS,1,2,2
1081,DAL,1/5/17,PHX,1,2,2
1082,TOR,1/5/17,UTA,1,2,2
1083,PHX,1/5/17,DAL,0,2,2
1084,WAS,1/6/17,MIN,1,3,3
1085,HOU,1/6/17,ORL,0,1,2
1086,LAC,1/6/17,SAC,0,2,2
1087,MIL,1/6/17,NYK,1,2,2
1088,GSW,1/6/17,MEM,1,2,2
1089,PHI,1/6/17,BOS,0,3,3
1090,ORL,1/6/17,HOU,1,2,1
1091,MIA,1/6/17,LAL,0,2,1
1092,LAL,1/6/17,MIA,1,1,2
1093,BKN,1/6/17,CLE,1,1,2
1094,NYK,1/6/17,MIL,0,2,2
1095,CLE,1/6/17,BKN,0,2,1
1096,MEM,1/6/17,GSW,0,2,2
1097,MIN,1/6/17,WAS,0,3,3
1098,BOS,1/6/17,PHI,1,3,3
1099,SAC,1/6/17,LAC,1,2,2
1100,CHA,1/7/17,SAS,0,2,2
1101,OKC,1/7/17,DEN,1,2,2
1102,BOS,1/7/17,NOP,1,1,2
1103,DAL,1/7/17,ATL,1,2,2
1104,MIN,1/7/17,UTA,1,1,2
1105,SAS,1/7/17,CHA,1,2,2
1106,CHI,1/7/17,TOR,1,3,2
1107,UTA,1/7/17,MIN,0,2,1
1108,NOP,1/7/17,BOS,0,2,1
1109,TOR,1/7/17,CHI,0,2,3
1110,NYK,1/7/17,IND,0,1,2
1111,DEN,1/7/17,OKC,0,2,2
1112,ATL,1/7/17,DAL,0,2,2
1113,IND,1/7/17,NYK,1,2,1
1114,HOU,1/8/17,TOR,0,2,1
1115,DET,1/8/17,POR,0,3,3
1116,SAC,1/8/17,GSW,1,2,2
1117,PHX,1/8/17,CLE,1,3,2
1118,UTA,1/8/17,MEM,0,1,2
1119,GSW,1/8/17,SAC,0,2,2
1120,LAC,1/8/17,MIA,1,2,2
1121,WAS,1/8/17,MIL,0,2,2
1122,MIL,1/8/17,WAS,1,2,2
1123,POR,1/8/17,DET,1,3,3
1124,ORL,1/8/17,LAL,0,2,2
1125,PHI,1/8/17,BKN,0,2,2
1126,BKN,1/8/17,PHI,1,2,2
1127,LAL,1/8/17,ORL,1,2,2
1128,TOR,1/8/17,HOU,1,1,2
1129,CLE,1/8/17,PHX,0,2,3
1130,MEM,1/8/17,UTA,1,2,1
1131,MIA,1/8/17,LAC,0,2,2
1132,NYK,1/9/17,NOP,1,2,2
1133,CHI,1/9/17,OKC,1,2,2
1134,OKC,1/9/17,CHI,0,2,2
1135,NOP,1/9/17,NYK,0,2,2
1136,DAL,1/9/17,MIN,0,2,2
1137,MIN,1/9/17,DAL,1,2,2
1138,UTA,1/10/17,CLE,1,2,2
1139,SAS,1/10/17,MIL,1,3,2
1140,WAS,1/10/17,CHI,1,2,1
1141,HOU,1/10/17,CHA,1,2,3
1142,BKN,1/10/17,ATL,1,2,3
1143,CHI,1/10/17,WAS,0,1,2
1144,MIL,1/10/17,SAS,0,2,3
1145,DET,1/10/17,SAC,0,2,2
1146,ATL,1/10/17,BKN,0,3,2
1147,GSW,1/10/17,MIA,1,2,2
1148,SAC,1/10/17,DET,1,2,2
1149,CHA,1/10/17,HOU,0,3,2
1150,MIA,1/10/17,GSW,0,2,2
1151,POR,1/10/17,LAL,0,2,2
1152,TOR,1/10/17,BOS,1,2,3
1153,LAL,1/10/17,POR,1,2,2
1154,CLE,1/10/17,UTA,0,2,2
1155,BOS,1/10/17,TOR,0,3,2
1156,HOU,1/11/17,MIN,0,1,2
1157,PHI,1/11/17,NYK,1,3,2
1158,BOS,1/11/17,WAS,1,1,1
1159,MIN,1/11/17,HOU,1,2,1
1160,MEM,1/11/17,OKC,0,3,2
1161,LAC,1/11/17,ORL,1,3,3
1162,POR,1/11/17,CLE,1,1,1
1163,ORL,1/11/17,LAC,0,3,3
1164,NYK,1/11/17,PHI,0,2,3
1165,CLE,1/11/17,POR,0,1,1
1166,WAS,1/11/17,BOS,0,1,1
1167,OKC,1/11/17,MEM,1,2,3
1168,DAL,1/12/17,PHX,0,3,4
1169,IND,1/12/17,DEN,0,5,5
1170,BKN,1/12/17,NOP,1,2,3
1171,CHI,1/12/17,NYK,0,2,1
1172,DEN,1/12/17,IND,1,5,5
1173,LAL,1/12/17,SAS,0,2,2
1174,SAS,1/12/17,LAL,1,2,2
1175,NYK,1/12/17,CHI,1,1,2
1176,PHX,1/12/17,DAL,1,4,3
1177,NOP,1/12/17,BKN,0,3,2
1178,GSW,1/12/17,DET,1,2,2
1179,DET,1/12/17,GSW,0,2,2
1180,UTA,1/13/17,DET,1,3,1
1181,ORL,1/13/17,POR,0,2,2
1182,HOU,1/13/17,MEM,1,2,2
1183,TOR,1/13/17,BKN,1,3,1
1184,CLE,1/13/17,SAC,0,2,3
1185,MIL,1/13/17,MIA,1,3,3
1186,ATL,1/13/17,BOS,1,3,2
1187,MEM,1/13/17,HOU,0,2,2
1188,CHA,1/13/17,PHI,0,3,2
1189,BOS,1/13/17,ATL,0,2,3
1190,POR,1/13/17,ORL,1,2,2
1191,SAC,1/13/17,CLE,1,3,2
1192,BKN,1/13/17,TOR,0,1,3
1193,OKC,1/13/17,MIN,0,2,2
1194,MIN,1/13/17,OKC,1,2,2
1195,DET,1/13/17,UTA,0,1,3
1196,PHI,1/13/17,CHA,1,2,3
1197,MIA,1/13/17,MIL,0,3,3
1198,ORL,1/14/17,UTA,0,1,1
1199,CHI,1/14/17,NOP,1,2,2
1200,LAC,1/14/17,LAL,1,3,2
1201,NOP,1/14/17,CHI,0,2,2
1202,WAS,1/14/17,PHI,1,3,1
1203,UTA,1/14/17,ORL,1,1,1
1204,PHX,1/14/17,SAS,1,2,2
1205,PHI,1/14/17,WAS,0,1,3
1206,SAS,1/14/17,PHX,0,2,2
1207,LAL,1/14/17,LAC,0,2,3
1208,MIL,1/15/17,ATL,0,2,2
1209,LAL,1/15/17,DET,1,1,2
1210,HOU,1/15/17,BKN,0,2,2
1211,SAC,1/15/17,OKC,1,2,2
1212,DAL,1/15/17,MIN,1,3,2
1213,DET,1/15/17,LAL,0,2,1
1214,ATL,1/15/17,MIL,1,2,2
1215,BKN,1/15/17,HOU,1,2,2
1216,CHI,1/15/17,MEM,0,1,2
1217,OKC,1/15/17,SAC,0,2,2
1218,NYK,1/15/17,TOR,0,3,2
1219,MEM,1/15/17,CHI,1,2,1
1220,TOR,1/15/17,NYK,1,2,3
1221,MIN,1/15/17,DAL,0,2,3
1222,IND,1/16/17,NOP,1,4,2
1223,ATL,1/16/17,NYK,0,1,1
1224,UTA,1/16/17,PHX,0,2,2
1225,BOS,1/16/17,CHA,1,3,3
1226,ORL,1/16/17,DEN,0,2,4
1227,NYK,1/16/17,ATL,1,1,1
1228,WAS,1/16/17,POR,1,2,3
1229,PHI,1/16/17,MIL,0,2,1
1230,NOP,1/16/17,IND,0,2,4
1231,OKC,1/16/17,LAC,0,1,2
1232,POR,1/16/17,WAS,0,3,2
1233,CHA,1/16/17,BOS,0,3,3
1234,CLE,1/16/17,GSW,0,3,4
1235,MIL,1/16/17,PHI,1,1,2
1236,LAC,1/16/17,OKC,1,2,1
1237,GSW,1/16/17,CLE,1,4,3
1238,PHX,1/16/17,UTA,1,2,2
1239,DEN,1/16/17,ORL,1,4,2
1240,MIA,1/17/17,HOU,1,4,2
1241,MIN,1/17/17,SAS,0,2,3
1242,TOR,1/17/17,BKN,0,2,2
1243,BKN,1/17/17,TOR,1,2,2
1244,HOU,1/17/17,MIA,0,2,4
1245,CHI,1/17/17,DAL,1,2,2
1246,SAS,1/17/17,MIN,1,3,2
1247,DEN,1/17/17,LAL,0,1,2
1248,LAL,1/17/17,DEN,1,2,1
1249,DAL,1/17/17,CHI,0,2,2
1250,POR,1/18/17,CHA,0,2,2
1251,HOU,1/18/17,MIL,1,1,2
1252,MIL,1/18/17,HOU,0,2,1
1253,BOS,1/18/17,NYK,1,2,2
1254,ATL,1/18/17,DET,0,2,3
1255,IND,1/18/17,SAC,0,2,3
1256,MEM,1/18/17,WAS,0,3,2
1257,GSW,1/18/17,OKC,1,2,2
1258,TOR,1/18/17,PHI,0,1,2
1259,SAC,1/18/17,IND,1,3,2
1260,NYK,1/18/17,BOS,0,2,2
1261,PHI,1/18/17,TOR,1,2,1
1262,WAS,1/18/17,MEM,1,2,3
1263,NOP,1/18/17,ORL,1,2,2
1264,DET,1/18/17,ATL,1,3,2
1265,ORL,1/18/17,NOP,0,2,2
1266,CHA,1/18/17,POR,1,2,2
1267,OKC,1/18/17,GSW,0,2,2
1268,DAL,1/19/17,MIA,0,2,2
1269,SAS,1/19/17,DEN,1,2,2
1270,MIN,1/19/17,LAC,0,2,3
1271,NYK,1/19/17,WAS,1,1,1
1272,PHX,1/19/17,CLE,0,3,3
1273,CLE,1/19/17,PHX,1,3,3
1274,DEN,1/19/17,SAS,0,2,2
1275,MIA,1/19/17,DAL,1,2,2
1276,WAS,1/19/17,NYK,0,1,1
1277,LAC,1/19/17,MIN,1,3,2
1278,LAL,1/20/17,IND,1,3,2
1279,HOU,1/20/17,GSW,1,2,2
1280,ATL,1/20/17,CHI,1,2,3
1281,MIL,1/20/17,ORL,0,2,2
1282,GSW,1/20/17,HOU,0,2,2
1283,PHI,1/20/17,POR,1,2,2
1284,IND,1/20/17,LAL,0,2,3
1285,MEM,1/20/17,SAC,1,2,2
1286,BKN,1/20/17,NOP,0,3,2
1287,CHA,1/20/17,TOR,1,2,2
1288,NOP,1/20/17,BKN,1,2,3
1289,UTA,1/20/17,DAL,0,4,1
1290,TOR,1/20/17,CHA,0,2,2
1291,DAL,1/20/17,UTA,1,1,4
1292,CHI,1/20/17,ATL,0,3,2
1293,SAC,1/20/17,MEM,0,2,2
1294,POR,1/20/17,PHI,0,2,2
1295,ORL,1/20/17,MIL,1,2,2
1296,BKN,1/21/17,CHA,0,1,1
1297,UTA,1/21/17,IND,1,1,1
1298,MEM,1/21/17,HOU,1,1,1
1299,CLE,1/21/17,SAS,1,2,2
1300,WAS,1/21/17,DET,0,2,3
1301,SAC,1/21/17,CHI,0,1,1
1302,NYK,1/21/17,PHX,1,2,2
1303,HOU,1/21/17,MEM,0,1,1
1304,POR,1/21/17,BOS,0,1,3
1305,SAS,1/21/17,CLE,0,2,2
1306,MIA,1/21/17,MIL,1,2,1
1307,MIL,1/21/17,MIA,0,1,2
1308,IND,1/21/17,UTA,0,1,1
1309,ATL,1/21/17,PHI,1,1,1
1310,CHI,1/21/17,SAC,1,1,1
1311,DET,1/21/17,WAS,1,3,2
1312,PHI,1/21/17,ATL,0,1,1
1313,CHA,1/21/17,BKN,1,1,1
1314,DEN,1/21/17,LAC,1,2,2
1315,BOS,1/21/17,POR,1,3,1
1316,LAC,1/21/17,DEN,0,2,2
1317,PHX,1/21/17,NYK,0,2,2
1318,DAL,1/22/17,LAL,1,2,2
1319,ORL,1/22/17,GSW,1,2,2
1320,GSW,1/22/17,ORL,0,2,2
1321,MIN,1/22/17,DEN,1,3,1
1322,DEN,1/22/17,MIN,0,1,3
1323,LAL,1/22/17,DAL,0,2,2
1324,PHX,1/22/17,TOR,0,1,2
1325,TOR,1/22/17,PHX,1,2,1
1326,SAC,1/23/17,DET,0,2,2
1327,NYK,1/23/17,IND,0,2,2
1328,MIL,1/23/17,HOU,1,2,2
1329,LAC,1/23/17,ATL,0,2,2
1330,OKC,1/23/17,UTA,0,5,2
1331,HOU,1/23/17,MIL,0,2,2
1332,CHA,1/23/17,WAS,1,2,2
1333,MIA,1/23/17,GSW,1,2,1
1334,BKN,1/23/17,SAS,1,2,2
1335,NOP,1/23/17,CLE,1,3,2
1336,CLE,1/23/17,NOP,0,2,3
1337,ATL,1/23/17,LAC,1,2,2
1338,SAS,1/23/17,BKN,0,2,2
1339,DET,1/23/17,SAC,1,2,2
1340,UTA,1/23/17,OKC,1,2,5
1341,WAS,1/23/17,CHA,0,2,2
1342,GSW,1/23/17,MIA,0,1,2
1343,IND,1/23/17,NYK,1,2,2
1344,SAS,1/24/17,TOR,0,1,2
1345,BOS,1/24/17,WAS,0,3,1
1346,WAS,1/24/17,BOS,1,1,3
1347,MIN,1/24/17,PHX,0,2,2
1348,TOR,1/24/17,SAS,1,2,1
1349,LAC,1/24/17,PHI,0,1,3
1350,UTA,1/24/17,DEN,0,1,2
1351,PHI,1/24/17,LAC,1,3,1
1352,DEN,1/24/17,UTA,1,2,1
1353,ORL,1/24/17,CHI,1,2,3
1354,PHX,1/24/17,MIN,1,2,2
1355,CHI,1/24/17,ORL,0,3,2
1356,OKC,1/25/17,NOP,0,2,2
1357,GSW,1/25/17,CHA,0,2,2
1358,ATL,1/25/17,CHI,0,2,1
1359,MEM,1/25/17,TOR,1,4,1
1360,SAC,1/25/17,CLE,0,2,2
1361,CHI,1/25/17,ATL,1,1,2
1362,BOS,1/25/17,HOU,1,1,2
1363,MIL,1/25/17,PHI,1,2,1
1364,CHA,1/25/17,GSW,1,2,2
1365,MIA,1/25/17,BKN,0,2,2
1366,POR,1/25/17,LAL,1,4,3
1367,PHI,1/25/17,MIL,0,1,2
1368,HOU,1/25/17,BOS,0,2,1
1369,TOR,1/25/17,MEM,0,1,4
1370,NYK,1/25/17,DAL,0,2,3
1371,CLE,1/25/17,SAC,1,2,2
1372,LAL,1/25/17,POR,0,3,4
1373,DAL,1/25/17,NYK,1,3,2
1374,NOP,1/25/17,OKC,1,2,2
1375,BKN,1/25/17,MIA,1,2,2
1376,PHX,1/26/17,DEN,0,2,2
1377,UTA,1/26/17,LAL,1,2,1
1378,OKC,1/26/17,DAL,1,1,1
1379,MIN,1/26/17,IND,1,2,3
1380,DAL,1/26/17,OKC,0,1,1
1381,LAL,1/26/17,UTA,0,1,2
1382,IND,1/26/17,MIN,0,3,2
1383,DEN,1/26/17,PHX,1,2,2
1384,TOR,1/27/17,MIL,1,2,2
1385,MIA,1/27/17,CHI,0,2,2
1386,BKN,1/27/17,CLE,0,2,2
1387,CHA,1/27/17,NYK,0,2,2
1388,ATL,1/27/17,WAS,1,2,3
1389,MEM,1/27/17,POR,0,2,2
1390,NOP,1/27/17,SAS,1,2,3
1391,CHI,1/27/17,MIA,1,2,2
1392,SAS,1/27/17,NOP,0,3,2
1393,SAC,1/27/17,IND,0,2,1
1394,POR,1/27/17,MEM,1,2,2
1395,NYK,1/27/17,CHA,1,2,2
1396,HOU,1/27/17,PHI,0,2,2
1397,ORL,1/27/17,BOS,0,3,2
1398,MIL,1/27/17,TOR,0,2,2
1399,CLE,1/27/17,BKN,1,2,2
1400,WAS,1/27/17,ATL,0,3,2
1401,IND,1/27/17,SAC,1,1,2
1402,PHI,1/27/17,HOU,1,2,2
1403,BOS,1/27/17,ORL,1,2,3
1404,LAC,1/28/17,GSW,0,4,3
1405,MIN,1/28/17,BKN,1,2,1
1406,MEM,1/28/17,UTA,0,1,2
1407,BOS,1/28/17,MIL,0,1,1
1408,MIA,1/28/17,DET,1,1,5
1409,UTA,1/28/17,MEM,1,2,1
1410,SAC,1/28/17,CHA,0,1,1
1411,MIL,1/28/17,BOS,1,1,1
1412,BKN,1/28/17,MIN,0,1,2
1413,CHA,1/28/17,SAC,1,1,1
1414,PHX,1/28/17,DEN,1,2,2
1415,DET,1/28/17,MIA,0,5,1
1416,DEN,1/28/17,PHX,0,2,2
1417,GSW,1/28/17,LAC,1,3,4
1418,PHI,1/29/17,CHI,0,2,2
1419,POR,1/29/17,GSW,1,2,1
1420,IND,1/29/17,HOU,1,2,2
1421,SAS,1/29/17,DAL,1,2,3
1422,WAS,1/29/17,NOP,0,2,2
1423,GSW,1/29/17,POR,0,1,2
1424,ORL,1/29/17,TOR,0,2,2
1425,NYK,1/29/17,ATL,0,2,2
1426,TOR,1/29/17,ORL,1,2,2
1427,ATL,1/29/17,NYK,1,2,2
1428,NOP,1/29/17,WAS,1,2,2
1429,CHI,1/29/17,PHI,1,2,2
1430,OKC,1/29/17,CLE,0,3,2
1431,CLE,1/29/17,OKC,1,2,3
1432,DAL,1/29/17,SAS,0,3,2
1433,HOU,1/29/17,IND,0,2,2
1434,SAC,1/30/17,PHI,0,2,1
1435,BOS,1/30/17,DET,1,2,2
1436,MIA,1/30/17,BKN,1,2,2
1437,DET,1/30/17,BOS,0,2,2
1438,DAL,1/30/17,CLE,1,1,1
1439,MIN,1/30/17,ORL,1,2,1
1440,CLE,1/30/17,DAL,0,1,1
1441,MEM,1/30/17,PHX,0,2,2
1442,BKN,1/30/17,MIA,0,2,2
1443,PHI,1/30/17,SAC,1,1,2
1444,ORL,1/30/17,MIN,0,1,2
1445,PHX,1/30/17,MEM,1,2,2
1446,SAS,1/31/17,OKC,1,2,2
1447,TOR,1/31/17,NOP,1,2,2
1448,DEN,1/31/17,LAL,0,3,5
1449,NOP,1/31/17,TOR,0,2,2
1450,LAL,1/31/17,DEN,1,5,3
1451,HOU,1/31/17,SAC,1,2,1
1452,CHA,1/31/17,POR,0,3,2
1453,NYK,1/31/17,WAS,0,2,2
1454,SAC,1/31/17,HOU,0,1,2
1455,OKC,1/31/17,SAS,0,2,2
1456,POR,1/31/17,CHA,1,2,3
1457,WAS,1/31/17,NYK,1,2,2
1458,TOR,2/1/17,BOS,0,1,2
1459,PHX,2/1/17,LAC,1,2,4
1460,DET,2/1/17,NOP,1,2,1
1461,CHI,2/1/17,OKC,0,3,1
1462,DEN,2/1/17,MEM,1,1,2
1463,UTA,2/1/17,MIL,1,4,4
1464,OKC,2/1/17,CHI,1,1,3
1465,MIL,2/1/17,UTA,0,4,4
1466,NYK,2/1/17,BKN,0,1,2
1467,BOS,2/1/17,TOR,1,2,1
1468,MIN,2/1/17,CLE,0,2,2
1469,PHI,2/1/17,DAL,0,2,2
1470,NOP,2/1/17,DET,0,1,2
1471,IND,2/1/17,ORL,0,3,2
1472,DAL,2/1/17,PHI,1,2,2
1473,ORL,2/1/17,IND,1,2,3
1474,CHA,2/1/17,GSW,0,1,3
1475,CLE,2/1/17,MIN,1,2,2
1476,GSW,2/1/17,CHA,1,3,1
1477,MEM,2/1/17,DEN,0,2,1
1478,BKN,2/1/17,NYK,1,2,1
1479,MIA,2/1/17,ATL,1,2,3
1480,LAC,2/1/17,PHX,0,4,2
1481,ATL,2/1/17,MIA,0,3,2
1482,WAS,2/2/17,LAL,1,2,2
1483,ATL,2/2/17,HOU,0,1,2
1484,PHI,2/2/17,SAS,0,1,2
1485,LAC,2/2/17,GSW,1,1,1
1486,LAL,2/2/17,WAS,0,2,2
1487,GSW,2/2/17,LAC,0,1,1
1488,SAS,2/2/17,PHI,1,2,1
1489,HOU,2/2/17,ATL,1,2,1
1490,POR,2/3/17,DAL,1,3,2
1491,ORL,2/3/17,TOR,1,2,2
1492,MIN,2/3/17,DET,0,2,2
1493,OKC,2/3/17,MEM,1,2,2
1494,LAL,2/3/17,BOS,0,1,2
1495,BOS,2/3/17,LAL,1,2,1
1496,IND,2/3/17,BKN,0,2,2
1497,CHI,2/3/17,HOU,0,2,1
1498,SAC,2/3/17,PHX,1,3,2
1499,DAL,2/3/17,POR,0,2,3
1500,MIL,2/3/17,DEN,0,2,2
1501,HOU,2/3/17,CHI,1,1,2
1502,DEN,2/3/17,MIL,1,2,2
1503,MEM,2/3/17,OKC,0,2,2
1504,DET,2/3/17,MIN,1,2,2
1505,TOR,2/3/17,ORL,0,2,2
1506,PHX,2/3/17,SAC,0,2,3
1507,BKN,2/3/17,IND,1,2,2
1508,SAC,2/4/17,GSW,1,1,2
1509,NOP,2/4/17,WAS,0,3,2
1510,MIN,2/4/17,MEM,1,1,1
1511,WAS,2/4/17,NOP,1,2,3
1512,ATL,2/4/17,ORL,1,2,1
1513,GSW,2/4/17,SAC,0,2,1
1514,CLE,2/4/17,NYK,0,3,3
1515,UTA,2/4/17,CHA,1,3,3
1516,SAS,2/4/17,DEN,1,2,1
1517,CHA,2/4/17,UTA,0,3,3
1518,IND,2/4/17,DET,1,1,1
1519,NYK,2/4/17,CLE,1,3,3
1520,MIL,2/4/17,PHX,0,1,1
1521,PHI,2/4/17,MIA,0,2,3
1522,DET,2/4/17,IND,0,1,1
1523,ORL,2/4/17,ATL,0,1,2
1524,PHX,2/4/17,MIL,1,1,1
1525,DEN,2/4/17,SAS,0,1,2
1526,MEM,2/4/17,MIN,0,1,1
1527,MIA,2/4/17,PHI,1,3,2
1528,OKC,2/5/17,POR,1,2,2
1529,BOS,2/5/17,LAC,1,2,3
1530,POR,2/5/17,OKC,0,2,2
1531,BKN,2/5/17,TOR,1,2,2
1532,TOR,2/5/17,BKN,0,2,2
1533,LAC,2/5/17,BOS,0,3,2
1534,DEN,2/6/17,DAL,1,2,3
1535,NYK,2/6/17,LAL,1,2,3
1536,MIN,2/6/17,MIA,1,2,2
1537,DAL,2/6/17,DEN,0,3,2
1538,PHI,2/6/17,DET,0,2,2
1539,UTA,2/6/17,ATL,0,2,2
1540,OKC,2/6/17,IND,0,1,2
1541,TOR,2/6/17,LAC,1,1,1
1542,DET,2/6/17,PHI,1,2,2
1543,IND,2/6/17,OKC,1,2,1
1544,PHX,2/6/17,NOP,0,2,2
1545,SAS,2/6/17,MEM,0,2,2
1546,MEM,2/6/17,SAS,1,2,2
1547,ATL,2/6/17,UTA,1,2,2
1548,SAC,2/6/17,CHI,1,2,3
1549,NOP,2/6/17,PHX,1,2,2
1550,CHI,2/6/17,SAC,0,3,2
1551,LAC,2/6/17,TOR,0,1,1
1552,LAL,2/6/17,NYK,0,3,2
1553,WAS,2/6/17,CLE,1,2,2
1554,MIA,2/6/17,MIN,0,2,2
1555,CLE,2/6/17,WAS,0,2,2
1556,POR,2/7/17,DAL,0,2,1
1557,CHA,2/7/17,BKN,1,3,2
1558,HOU,2/7/17,ORL,1,4,3
1559,ORL,2/7/17,HOU,0,3,4
1560,BKN,2/7/17,CHA,0,2,3
1561,DAL,2/7/17,POR,1,1,2
1562,DEN,2/8/17,ATL,0,2,2
1563,GSW,2/8/17,CHI,1,4,2
1564,PHX,2/8/17,MEM,0,2,2
1565,ATL,2/8/17,DEN,1,2,2
1566,DET,2/8/17,LAL,1,2,2
1567,UTA,2/8/17,NOP,0,2,2
1568,SAC,2/8/17,BOS,1,2,3
1569,NYK,2/8/17,LAC,1,2,2
1570,CLE,2/8/17,IND,0,2,2
1571,MIN,2/8/17,TOR,1,2,2
1572,LAL,2/8/17,DET,0,2,2
1573,NOP,2/8/17,UTA,1,2,2
1574,SAS,2/8/17,PHI,0,2,2
1575,WAS,2/8/17,BKN,0,2,1
1576,LAC,2/8/17,NYK,0,2,2
1577,MIL,2/8/17,MIA,1,4,2
1578,TOR,2/8/17,MIN,0,2,2
1579,PHI,2/8/17,SAS,1,2,2
1580,IND,2/8/17,CLE,1,2,2
1581,MIA,2/8/17,MIL,0,2,4
1582,CHI,2/8/17,GSW,0,2,4
1583,BOS,2/8/17,SAC,0,3,2
1584,BKN,2/8/17,WAS,1,1,2
1585,MEM,2/8/17,PHX,1,2,2
1586,PHI,2/9/17,ORL,0,1,2
1587,DAL,2/9/17,UTA,1,2,1
1588,UTA,2/9/17,DAL,0,1,2
1589,POR,2/9/17,BOS,1,2,1
1590,BOS,2/9/17,POR,0,1,2
1591,HOU,2/9/17,CHA,0,2,2
1592,CHA,2/9/17,HOU,1,2,2
1593,OKC,2/9/17,CLE,1,3,1
1594,ORL,2/9/17,PHI,1,2,1
1595,CLE,2/9/17,OKC,0,1,3
1596,PHX,2/10/17,CHI,1,2,2
1597,MIA,2/10/17,BKN,0,2,2
1598,NOP,2/10/17,MIN,0,2,2
1599,MIN,2/10/17,NOP,1,2,2
1600,ATL,2/10/17,SAC,0,2,2
1601,WAS,2/10/17,IND,1,2,2
1602,SAS,2/10/17,DET,0,2,2
1603,SAC,2/10/17,ATL,1,2,2
1604,CHI,2/10/17,PHX,0,2,2
1605,GSW,2/10/17,MEM,0,2,2
1606,NYK,2/10/17,DEN,1,2,2
1607,MEM,2/10/17,GSW,1,2,2
1608,MIL,2/10/17,LAL,1,2,2
1609,DET,2/10/17,SAS,1,2,2
1610,IND,2/10/17,WAS,0,2,2
1611,LAL,2/10/17,MIL,0,2,2
1612,DEN,2/10/17,NYK,0,2,2
1613,BKN,2/10/17,MIA,1,2,2
1614,DAL,2/11/17,ORL,1,2,2
1615,PHI,2/11/17,MIA,1,2,1
1616,HOU,2/11/17,PHX,1,2,1
1617,OKC,2/11/17,GSW,1,2,1
1618,UTA,2/11/17,BOS,1,2,2
1619,IND,2/11/17,MIL,1,1,1
1620,MIL,2/11/17,IND,0,1,1
1621,CHA,2/11/17,LAC,1,2,3
1622,PHX,2/11/17,HOU,0,1,2
1623,CLE,2/11/17,DEN,1,2,1
1624,ORL,2/11/17,DAL,0,2,2
1625,GSW,2/11/17,OKC,0,1,2
1626,BOS,2/11/17,UTA,0,2,2
1627,DEN,2/11/17,CLE,0,1,2
1628,LAC,2/11/17,CHA,0,3,2
1629,MIA,2/11/17,PHI,0,1,2
1630,DET,2/12/17,TOR,0,2,4
1631,CHI,2/12/17,MIN,0,2,2
1632,TOR,2/12/17,DET,1,4,2
1633,NYK,2/12/17,SAS,1,2,2
1634,SAS,2/12/17,NYK,0,2,2
1635,MIN,2/12/17,CHI,1,2,2
1636,NOP,2/12/17,SAC,0,2,2
1637,SAC,2/12/17,NOP,1,2,2
1638,CHA,2/13/17,PHI,1,2,2
1639,DEN,2/13/17,GSW,1,2,2
1640,MIL,2/13/17,DET,1,2,1
1641,UTA,2/13/17,LAC,1,2,2
1642,ORL,2/13/17,MIA,0,2,2
1643,BKN,2/13/17,MEM,1,3,3
1644,SAS,2/13/17,IND,0,1,2
1645,IND,2/13/17,SAS,1,2,1
1646,OKC,2/13/17,WAS,0,2,3
1647,GSW,2/13/17,DEN,0,2,2
1648,PHX,2/13/17,NOP,1,2,1
1649,MEM,2/13/17,BKN,0,3,3
1650,POR,2/13/17,ATL,1,4,3
1651,LAC,2/13/17,UTA,0,2,2
1652,MIA,2/13/17,ORL,1,2,2
1653,DAL,2/13/17,BOS,1,2,2
1654,BOS,2/13/17,DAL,0,2,2
1655,NOP,2/13/17,PHX,0,1,2
1656,ATL,2/13/17,POR,0,3,4
1657,PHI,2/13/17,CHA,0,2,2
1658,WAS,2/13/17,OKC,1,3,2
1659,DET,2/13/17,MIL,0,1,2
1660,LAL,2/14/17,SAC,1,4,2
1661,SAC,2/14/17,LAL,0,2,4
1662,TOR,2/14/17,CHI,0,2,2
1663,MIN,2/14/17,CLE,1,2,3
1664,CLE,2/14/17,MIN,0,3,2
1665,CHI,2/14/17,TOR,1,2,2
1666,CHA,2/15/17,TOR,0,2,1
1667,MIL,2/15/17,BKN,0,2,2
1668,POR,2/15/17,UTA,0,2,2
1669,BOS,2/15/17,PHI,1,2,2
1670,ATL,2/15/17,LAC,0,2,2
1671,MEM,2/15/17,NOP,1,2,2
1672,OKC,2/15/17,NYK,1,2,3
1673,DEN,2/15/17,MIN,1,2,1
1674,NOP,2/15/17,MEM,0,2,2
1675,NYK,2/15/17,OKC,0,3,2
1676,PHI,2/15/17,BOS,0,2,2
1677,SAS,2/15/17,ORL,0,2,2
1678,DAL,2/15/17,DET,0,2,2
1679,MIA,2/15/17,HOU,0,2,4
1680,BKN,2/15/17,MIL,1,2,2
1681,DET,2/15/17,DAL,1,2,2
1682,LAL,2/15/17,PHX,0,1,2
1683,TOR,2/15/17,CHA,1,1,2
1684,HOU,2/15/17,MIA,1,4,2
1685,SAC,2/15/17,GSW,0,1,2
1686,GSW,2/15/17,SAC,1,2,1
1687,ORL,2/15/17,SAS,1,2,2
1688,IND,2/15/17,CLE,0,2,1
1689,MIN,2/15/17,DEN,0,1,2
1690,CLE,2/15/17,IND,1,1,2
1691,PHX,2/15/17,LAL,1,2,1
1692,LAC,2/15/17,ATL,1,2,2
1693,UTA,2/15/17,POR,1,2,2
1694,CHI,2/16/17,BOS,1,2,1
1695,WAS,2/16/17,IND,0,3,1
1696,IND,2/16/17,WAS,1,1,3
1697,BOS,2/16/17,CHI,0,1,2
1698,GSW,2/23/17,LAC,1,8,8
1699,DEN,2/23/17,SAC,0,8,8
1700,ORL,2/23/17,POR,1,8,8
1701,CLE,2/23/17,NYK,1,8,8
1702,DET,2/23/17,CHA,1,8,8
1703,HOU,2/23/17,NOP,0,8,8
1704,SAC,2/23/17,DEN,1,8,8
1705,LAC,2/23/17,GSW,0,8,8
1706,NYK,2/23/17,CLE,0,8,8
1707,CHA,2/23/17,DET,0,8,8
1708,POR,2/23/17,ORL,0,8,8
1709,NOP,2/23/17,HOU,1,8,8
1710,MIN,2/24/17,DAL,1,9,9
1711,PHI,2/24/17,WAS,1,9,8
1712,SAS,2/24/17,LAC,0,9,1
1713,MIA,2/24/17,ATL,0,9,9
1714,UTA,2/24/17,MIL,0,9,9
1715,LAL,2/24/17,OKC,0,9,9
1716,WAS,2/24/17,PHI,0,8,9
1717,BOS,2/24/17,TOR,0,8,9
1718,CHI,2/24/17,PHX,1,8,9
1719,IND,2/24/17,MEM,1,8,9
1720,ATL,2/24/17,MIA,1,9,9
1721,BKN,2/24/17,DEN,0,9,1
1722,TOR,2/24/17,BOS,1,9,8
1723,MEM,2/24/17,IND,0,9,8
1724,DEN,2/24/17,BKN,1,1,9
1725,DAL,2/24/17,MIN,0,9,9
1726,OKC,2/24/17,LAL,1,9,9
1727,PHX,2/24/17,CHI,0,9,8
1728,LAC,2/24/17,SAS,1,1,9
1729,MIL,2/24/17,UTA,1,9,9
1730,CHI,2/25/17,CLE,0,1,2
1731,NOP,2/25/17,DAL,0,2,1
1732,ATL,2/25/17,ORL,0,1,2
1733,MIN,2/25/17,HOU,0,1,2
1734,SAC,2/25/17,CHA,1,2,2
1735,MIA,2/25/17,IND,1,1,1
1736,IND,2/25/17,MIA,0,1,1
1737,NYK,2/25/17,PHI,1,2,1
1738,CLE,2/25/17,CHI,1,2,1
1739,GSW,2/25/17,BKN,1,2,1
1740,CHA,2/25/17,SAC,0,2,2
1741,BKN,2/25/17,GSW,0,1,2
1742,DAL,2/25/17,NOP,1,1,2
1743,ORL,2/25/17,ATL,1,2,1
1744,PHI,2/25/17,NYK,0,1,2
1745,HOU,2/25/17,MIN,1,2,1
1746,LAC,2/26/17,CHA,1,2,1
1747,DET,2/26/17,BOS,1,3,2
1748,LAL,2/26/17,SAS,1,2,2
1749,CHA,2/26/17,LAC,0,1,2
1750,BOS,2/26/17,DET,0,2,3
1751,OKC,2/26/17,NOP,1,2,1
1752,WAS,2/26/17,UTA,1,2,2
1753,POR,2/26/17,TOR,0,3,2
1754,MEM,2/26/17,DEN,0,2,2
1755,SAS,2/26/17,LAL,0,2,2
1756,MIL,2/26/17,PHX,1,2,2
1757,PHX,2/26/17,MIL,0,2,2
1758,UTA,2/26/17,WAS,0,2,2
1759,TOR,2/26/17,POR,1,2,3
1760,DEN,2/26/17,MEM,1,2,2
1761,NOP,2/26/17,OKC,0,1,2
1762,MIL,2/27/17,CLE,0,1,2
1763,PHI,2/27/17,GSW,1,2,2
1764,MIN,2/27/17,SAC,0,2,2
1765,ATL,2/27/17,BOS,0,2,1
1766,NYK,2/27/17,TOR,1,2,1
1767,MIA,2/27/17,DAL,0,2,2
1768,TOR,2/27/17,NYK,0,1,2
1769,CLE,2/27/17,MIL,1,2,1
1770,BOS,2/27/17,ATL,1,1,2
1771,HOU,2/27/17,IND,1,2,2
1772,IND,2/27/17,HOU,0,2,2
1773,GSW,2/27/17,PHI,0,2,2
1774,SAC,2/27/17,MIN,1,2,2
1775,DAL,2/27/17,MIA,1,2,2
1776,WAS,2/28/17,GSW,1,2,1
1777,GSW,2/28/17,WAS,0,1,2
1778,LAL,2/28/17,CHA,1,2,2
1779,POR,2/28/17,DET,0,2,2
1780,CHI,2/28/17,DEN,1,3,2
1781,MEM,2/28/17,PHX,1,2,2
1782,PHX,2/28/17,MEM,0,2,2
1783,DET,2/28/17,POR,1,2,2
1784,OKC,2/28/17,UTA,1,2,2
1785,CHA,2/28/17,LAL,0,2,2
1786,UTA,2/28/17,OKC,0,2,2
1787,DEN,2/28/17,CHI,0,2,3
1788,SAS,3/1/17,IND,1,3,2
1789,CLE,3/1/17,BOS,0,2,2
1790,PHI,3/1/17,MIA,0,2,2
1791,UTA,3/1/17,MIN,1,1,2
1792,IND,3/1/17,SAS,0,2,3
1793,DET,3/1/17,NOP,0,1,3
1794,ATL,3/1/17,DAL,1,2,2
1795,NYK,3/1/17,ORL,0,2,4
1796,NOP,3/1/17,DET,1,3,1
1797,HOU,3/1/17,LAC,0,2,3
1798,DEN,3/1/17,MIL,0,1,2
1799,MIL,3/1/17,DEN,1,2,1
1800,MIN,3/1/17,UTA,0,2,1
1801,WAS,3/1/17,TOR,0,1,2
1802,SAC,3/1/17,BKN,1,2,4
1803,ORL,3/1/17,NYK,1,4,2
1804,BKN,3/1/17,SAC,0,4,2
1805,TOR,3/1/17,WAS,1,2,1
1806,DAL,3/1/17,ATL,0,2,2
1807,BOS,3/1/17,CLE,1,2,2
1808,LAC,3/1/17,HOU,1,3,2
1809,MIA,3/1/17,PHI,1,2,2
1810,OKC,3/2/17,POR,0,2,2
1811,PHX,3/2/17,CHA,1,2,2
1812,POR,3/2/17,OKC,1,2,2
1813,CHA,3/2/17,PHX,0,2,2
1814,CHI,3/2/17,GSW,1,2,2
1815,GSW,3/2/17,CHI,0,2,2
1816,MIA,3/3/17,ORL,0,2,2
1817,ORL,3/3/17,MIA,1,2,2
1818,DAL,3/3/17,MEM,1,2,3
1819,ATL,3/3/17,CLE,1,2,2
1820,BKN,3/3/17,UTA,0,2,2
1821,TOR,3/3/17,WAS,0,2,2
1822,NYK,3/3/17,PHI,0,2,2
1823,LAC,3/3/17,MIL,0,2,2
1824,MEM,3/3/17,DAL,0,3,2
1825,PHX,3/3/17,OKC,1,1,1
1826,CLE,3/3/17,ATL,0,2,2
1827,MIL,3/3/17,LAC,1,2,2
1828,BOS,3/3/17,LAL,0,2,3
1829,NOP,3/3/17,SAS,1,2,2
1830,SAS,3/3/17,NOP,0,2,2
1831,PHI,3/3/17,NYK,1,2,2
1832,UTA,3/3/17,BKN,1,2,2
1833,LAL,3/3/17,BOS,1,3,2
1834,WAS,3/3/17,TOR,1,2,2
1835,OKC,3/3/17,PHX,0,1,1
1836,BKN,3/4/17,POR,0,1,2
1837,TOR,3/4/17,MIL,0,1,1
1838,MIA,3/4/17,CLE,1,1,1
1839,DEN,3/4/17,CHA,1,3,2
1840,HOU,3/4/17,MEM,1,3,1
1841,MEM,3/4/17,HOU,0,1,3
1842,SAS,3/4/17,MIN,1,1,3
1843,DET,3/4/17,PHI,0,3,1
1844,CHI,3/4/17,LAC,1,2,1
1845,CHA,3/4/17,DEN,0,2,3
1846,MIN,3/4/17,SAS,0,3,1
1847,CLE,3/4/17,MIA,0,1,1
1848,LAC,3/4/17,CHI,0,1,2
1849,POR,3/4/17,BKN,1,2,1
1850,MIL,3/4/17,TOR,1,1,1
1851,PHI,3/4/17,DET,1,1,3
1852,SAC,3/5/17,UTA,1,4,2
1853,BOS,3/5/17,PHX,0,2,2
1854,ORL,3/5/17,WAS,0,2,2
1855,PHX,3/5/17,BOS,1,2,2
1856,OKC,3/5/17,DAL,0,2,2
1857,GSW,3/5/17,NYK,0,3,2
1858,NYK,3/5/17,GSW,1,2,3
1859,UTA,3/5/17,SAC,0,2,4
1860,ATL,3/5/17,IND,1,2,4
1861,DAL,3/5/17,OKC,1,2,2
1862,WAS,3/5/17,ORL,1,2,2
1863,LAL,3/5/17,NOP,1,2,2
1864,NOP,3/5/17,LAL,0,2,2
1865,IND,3/5/17,ATL,0,4,2
1866,LAC,3/6/17,BOS,1,2,1
1867,IND,3/6/17,CHA,0,1,2
1868,DET,3/6/17,CHI,1,2,2
1869,BOS,3/6/17,LAC,0,1,2
1870,MIL,3/6/17,PHI,0,2,2
1871,BKN,3/6/17,MEM,0,2,2
1872,ORL,3/6/17,NYK,1,1,1
1873,NOP,3/6/17,UTA,0,1,1
1874,CLE,3/6/17,MIA,1,2,2
1875,MEM,3/6/17,BKN,1,2,2
1876,DEN,3/6/17,SAC,1,2,1
1877,SAC,3/6/17,DEN,0,1,2
1878,CHA,3/6/17,IND,1,2,1
1879,PHI,3/6/17,MIL,1,2,2
1880,CHI,3/6/17,DET,0,2,2
1881,GSW,3/6/17,ATL,0,1,1
1882,UTA,3/6/17,NOP,1,1,1
1883,SAS,3/6/17,HOU,1,2,2
1884,MIA,3/6/17,CLE,0,2,2
1885,NYK,3/6/17,ORL,0,1,1
1886,ATL,3/6/17,GSW,1,1,1
1887,HOU,3/6/17,SAS,0,2,2
1888,OKC,3/7/17,POR,1,2,3
1889,LAL,3/7/17,DAL,0,2,2
1890,WAS,3/7/17,PHX,0,2,2
1891,DAL,3/7/17,LAL,1,2,2
1892,PHX,3/7/17,WAS,1,2,2
1893,POR,3/7/17,OKC,0,3,2
1894,GSW,3/8/17,BOS,1,2,2
1895,LAC,3/8/17,MIN,0,2,4
1896,MIL,3/8/17,NYK,1,2,2
1897,SAC,3/8/17,SAS,0,2,2
1898,CHA,3/8/17,MIA,0,2,2
1899,MIN,3/8/17,LAC,1,4,2
1900,HOU,3/8/17,UTA,1,2,2
1901,DET,3/8/17,IND,0,2,2
1902,TOR,3/8/17,NOP,0,4,2
1903,WAS,3/8/17,DEN,0,1,2
1904,MIA,3/8/17,CHA,1,2,2
1905,IND,3/8/17,DET,1,2,2
1906,BKN,3/8/17,ATL,0,2,2
1907,NOP,3/8/17,TOR,1,2,4
1908,NYK,3/8/17,MIL,0,2,2
1909,DEN,3/8/17,WAS,1,2,1
1910,ATL,3/8/17,BKN,1,2,2
1911,BOS,3/8/17,GSW,0,2,2
1912,SAS,3/8/17,SAC,1,2,2
1913,UTA,3/8/17,HOU,0,2,2
1914,CHI,3/8/17,ORL,0,2,2
1915,ORL,3/8/17,CHI,1,2,2
1916,SAS,3/9/17,OKC,0,1,2
1917,POR,3/9/17,PHI,1,2,3
1918,LAL,3/9/17,PHX,0,2,2
1919,DET,3/9/17,CLE,1,1,3
1920,CLE,3/9/17,DET,0,3,1
1921,LAC,3/9/17,MEM,0,1,3
1922,MEM,3/9/17,LAC,1,3,1
1923,PHX,3/9/17,LAL,1,2,2
1924,OKC,3/9/17,SAS,1,2,1
1925,PHI,3/9/17,POR,0,3,2
1926,HOU,3/10/17,CHI,0,2,2
1927,ATL,3/10/17,TOR,1,2,2
1928,GSW,3/10/17,MIN,0,2,2
1929,BKN,3/10/17,DAL,0,2,3
1930,DAL,3/10/17,BKN,1,3,2
1931,WAS,3/10/17,SAC,0,2,2
1932,CHI,3/10/17,HOU,1,2,2
1933,SAC,3/10/17,WAS,1,2,2
1934,BOS,3/10/17,DEN,0,2,2
1935,MIN,3/10/17,GSW,1,2,2
1936,IND,3/10/17,MIL,0,2,2
1937,ORL,3/10/17,CHA,0,2,2
1938,TOR,3/10/17,ATL,0,2,2
1939,CHA,3/10/17,ORL,1,2,2
1940,MIL,3/10/17,IND,1,2,2
1941,DEN,3/10/17,BOS,1,2,2
1942,CHA,3/11/17,NOP,1,1,3
1943,POR,3/11/17,WAS,1,2,1
1944,SAS,3/11/17,GSW,1,2,1
1945,MIA,3/11/17,TOR,1,3,1
1946,MIL,3/11/17,MIN,1,1,1
1947,ORL,3/11/17,CLE,1,1,2
1948,MIN,3/11/17,MIL,0,1,1
1949,UTA,3/11/17,OKC,0,3,2
1950,OKC,3/11/17,UTA,1,2,3
1951,TOR,3/11/17,MIA,0,1,3
1952,LAC,3/11/17,PHI,1,2,2
1953,NYK,3/11/17,DET,0,3,2
1954,WAS,3/11/17,POR,0,1,2
1955,PHI,3/11/17,LAC,0,2,2
1956,DEN,3/11/17,SAC,0,1,1
1957,NOP,3/11/17,CHA,0,3,1
1958,DAL,3/11/17,PHX,1,1,2
1959,SAC,3/11/17,DEN,1,1,1
1960,PHX,3/11/17,DAL,0,2,1
1961,CLE,3/11/17,ORL,0,2,1
1962,DET,3/11/17,NYK,1,2,3
1963,ATL,3/11/17,MEM,0,1,2
1964,GSW,3/11/17,SAS,0,1,2
1965,MEM,3/11/17,ATL,1,2,1
1966,IND,3/12/17,MIA,1,2,1
1967,HOU,3/12/17,CLE,1,2,1
1968,POR,3/12/17,PHX,0,1,1
1969,CLE,3/12/17,HOU,0,1,2
1970,CHI,3/12/17,BOS,0,2,2
1971,BOS,3/12/17,CHI,1,2,2
1972,BKN,3/12/17,NYK,1,2,1
1973,LAL,3/12/17,PHI,1,3,1
1974,PHI,3/12/17,LAL,0,1,3
1975,NYK,3/12/17,BKN,0,1,2
1976,PHX,3/12/17,POR,1,1,1
1977,MIA,3/12/17,IND,0,1,2
1978,MEM,3/13/17,MIL,1,2,2
1979,LAC,3/13/17,UTA,0,2,2
1980,DAL,3/13/17,TOR,0,2,2
1981,CHA,3/13/17,CHI,1,2,1
1982,UTA,3/13/17,LAC,1,2,2
1983,WAS,3/13/17,MIN,0,2,2
1984,TOR,3/13/17,DAL,1,2,2
1985,MIN,3/13/17,WAS,1,2,2
1986,ORL,3/13/17,SAC,0,2,2
1987,MIL,3/13/17,MEM,0,2,2
1988,CHI,3/13/17,CHA,0,1,2
1989,DEN,3/13/17,LAL,1,2,1
1990,SAC,3/13/17,ORL,1,2,2
1991,ATL,3/13/17,SAS,0,2,2
1992,SAS,3/13/17,ATL,1,2,2
1993,LAL,3/13/17,DEN,0,1,2
1994,DET,3/14/17,CLE,0,3,2
1995,CLE,3/14/17,DET,1,2,3
1996,POR,3/14/17,NOP,0,2,3
1997,NOP,3/14/17,POR,1,3,2
1998,PHI,3/14/17,GSW,0,2,3
1999,GSW,3/14/17,PHI,1,3,2
2000,NYK,3/14/17,IND,1,2,2
2001,OKC,3/14/17,BKN,0,3,2
2002,IND,3/14/17,NYK,0,2,2
2003,BKN,3/14/17,OKC,1,2,3
2004,IND,3/15/17,CHA,1,1,2
2005,HOU,3/15/17,LAL,1,3,2
2006,MIA,3/15/17,NOP,1,3,1
2007,MEM,3/15/17,CHI,0,2,2
2008,DET,3/15/17,UTA,1,1,2
2009,POR,3/15/17,SAS,0,1,2
2010,LAL,3/15/17,HOU,0,2,3
2011,CHI,3/15/17,MEM,1,2,2
2012,MIN,3/15/17,BOS,0,2,3
2013,WAS,3/15/17,DAL,1,2,2
2014,DAL,3/15/17,WAS,0,2,2
2015,BOS,3/15/17,MIN,1,3,2
2016,LAC,3/15/17,MIL,1,2,2
2017,MIL,3/15/17,LAC,0,2,2
2018,CHA,3/15/17,IND,0,2,1
2019,UTA,3/15/17,DET,0,2,1
2020,PHX,3/15/17,SAC,1,3,2
2021,NOP,3/15/17,MIA,0,1,3
2022,SAS,3/15/17,POR,1,2,1
2023,SAC,3/15/17,PHX,0,2,3
2024,TOR,3/16/17,OKC,1,3,2
2025,GSW,3/16/17,ORL,1,2,3
2026,LAC,3/16/17,DEN,0,1,3
2027,OKC,3/16/17,TOR,0,2,3
2028,ORL,3/16/17,GSW,0,3,2
2029,DEN,3/16/17,LAC,1,3,1
2030,CLE,3/16/17,UTA,1,2,1
2031,NYK,3/16/17,BKN,1,2,2
2032,MEM,3/16/17,ATL,0,1,3
2033,BKN,3/16/17,NYK,0,2,2
2034,ATL,3/16/17,MEM,1,3,1
2035,UTA,3/16/17,CLE,0,1,2
2036,HOU,3/17/17,NOP,0,2,2
2037,CHI,3/17/17,WAS,0,2,2
2038,DAL,3/17/17,PHI,0,2,3
2039,ORL,3/17/17,PHX,0,1,2
2040,TOR,3/17/17,DET,0,1,2
2041,BOS,3/17/17,BKN,0,2,1
2042,BKN,3/17/17,BOS,1,1,2
2043,MIA,3/17/17,MIN,1,2,2
2044,LAL,3/17/17,MIL,1,2,2
2045,PHX,3/17/17,ORL,1,2,1
2046,MIL,3/17/17,LAL,0,2,2
2047,DET,3/17/17,TOR,1,2,1
2048,MIN,3/17/17,MIA,0,2,2
2049,NOP,3/17/17,HOU,1,2,2
2050,WAS,3/17/17,CHI,1,2,2
2051,PHI,3/17/17,DAL,1,3,2
2052,OKC,3/18/17,SAC,1,2,3
2053,POR,3/18/17,ATL,0,3,2
2054,HOU,3/18/17,DEN,0,1,2
2055,ATL,3/18/17,POR,1,2,3
2056,CLE,3/18/17,LAC,0,2,2
2057,CHA,3/18/17,WAS,1,3,1
2058,SAS,3/18/17,MEM,0,3,2
2059,LAC,3/18/17,CLE,1,2,2
2060,DEN,3/18/17,HOU,1,2,1
2061,SAC,3/18/17,OKC,0,3,2
2062,CHI,3/18/17,UTA,1,1,2
2063,MIL,3/18/17,GSW,0,1,2
2064,GSW,3/18/17,MIL,1,2,1
2065,UTA,3/18/17,CHI,0,2,1
2066,MEM,3/18/17,SAS,1,2,3
2067,WAS,3/18/17,CHA,0,1,3
2068,DAL,3/19/17,BKN,0,2,2
2069,DET,3/19/17,PHX,1,2,2
2070,MIA,3/19/17,POR,1,2,1
2071,LAL,3/19/17,CLE,1,2,1
2072,MIN,3/19/17,NOP,0,2,2
2073,SAC,3/19/17,SAS,0,1,1
2074,NOP,3/19/17,MIN,1,2,2
2075,BKN,3/19/17,DAL,1,2,2
2076,BOS,3/19/17,PHI,0,2,2
2077,POR,3/19/17,MIA,0,1,2
2078,TOR,3/19/17,IND,1,2,4
2079,PHI,3/19/17,BOS,1,2,2
2080,SAS,3/19/17,SAC,1,1,1
2081,PHX,3/19/17,DET,0,2,2
2082,IND,3/19/17,TOR,0,4,2
2083,CLE,3/19/17,LAL,0,1,2
2084,CHA,3/20/17,ATL,1,2,2
2085,BOS,3/20/17,WAS,1,1,2
2086,OKC,3/20/17,GSW,1,2,2
2087,PHI,3/20/17,ORL,0,1,3
2088,NYK,3/20/17,LAC,0,4,2
2089,ORL,3/20/17,PHI,1,3,1
2090,LAC,3/20/17,NYK,1,2,4
2091,WAS,3/20/17,BOS,0,2,1
2092,GSW,3/20/17,OKC,0,2,2
2093,DEN,3/20/17,HOU,0,2,2
2094,UTA,3/20/17,IND,0,2,1
2095,ATL,3/20/17,CHA,0,2,2
2096,IND,3/20/17,UTA,1,1,2
2097,HOU,3/20/17,DEN,1,2,2
2098,LAC,3/21/17,LAL,0,1,2
2099,CHI,3/21/17,TOR,0,3,2
2100,MIN,3/21/17,SAS,1,2,2
2101,POR,3/21/17,MIL,1,2,3
2102,LAL,3/21/17,LAC,1,2,1
2103,MIL,3/21/17,POR,0,3,2
2104,TOR,3/21/17,CHI,1,2,3
2105,DAL,3/21/17,GSW,1,2,1
2106,PHX,3/21/17,MIA,0,2,2
2107,SAS,3/21/17,MIN,0,2,2
2108,BKN,3/21/17,DET,1,2,2
2109,MIA,3/21/17,PHX,1,2,2
2110,DET,3/21/17,BKN,0,2,2
2111,NOP,3/21/17,MEM,1,2,3
2112,MEM,3/21/17,NOP,0,3,2
2113,GSW,3/21/17,DAL,0,1,2
2114,IND,3/22/17,BOS,0,2,2
2115,SAC,3/22/17,MIL,1,3,1
2116,DET,3/22/17,CHI,0,1,1
2117,CHI,3/22/17,DET,1,1,1
2118,OKC,3/22/17,PHI,1,2,2
2119,NYK,3/22/17,UTA,0,2,2
2120,PHI,3/22/17,OKC,0,2,2
2121,BOS,3/22/17,IND,1,2,2
2122,MIL,3/22/17,SAC,0,1,3
2123,ORL,3/22/17,CHA,1,2,2
2124,DEN,3/22/17,CLE,1,2,3
2125,WAS,3/22/17,ATL,1,2,2
2126,CLE,3/22/17,DEN,0,3,2
2127,UTA,3/22/17,NYK,1,2,2
2128,ATL,3/22/17,WAS,0,2,2
2129,CHA,3/22/17,ORL,0,2,2
2130,MEM,3/23/17,SAS,0,2,2
2131,POR,3/23/17,NYK,1,2,1
2132,SAS,3/23/17,MEM,1,2,2
2133,BKN,3/23/17,PHX,1,2,2
2134,MIA,3/23/17,TOR,1,2,2
2135,NYK,3/23/17,POR,0,1,2
2136,TOR,3/23/17,MIA,0,2,2
2137,PHX,3/23/17,BKN,0,2,2
2138,DAL,3/23/17,LAC,1,2,2
2139,LAC,3/23/17,DAL,0,2,2
2140,DEN,3/24/17,IND,0,2,2
2141,HOU,3/24/17,NOP,1,4,3
2142,ORL,3/24/17,DET,1,2,2
2143,ATL,3/24/17,MIL,0,2,2
2144,IND,3/24/17,DEN,1,2,2
2145,GSW,3/24/17,SAC,1,3,2
2146,PHX,3/24/17,BOS,0,1,2
2147,SAC,3/24/17,GSW,0,2,3
2148,PHI,3/24/17,CHI,0,2,2
2149,CHI,3/24/17,PHI,1,2,2
2150,DET,3/24/17,ORL,0,2,2
2151,NOP,3/24/17,HOU,0,3,4
2152,WAS,3/24/17,BKN,1,2,1
2153,BKN,3/24/17,WAS,0,1,2
2154,LAL,3/24/17,MIN,1,3,3
2155,MIL,3/24/17,ATL,1,2,2
2156,CHA,3/24/17,CLE,1,2,2
2157,CLE,3/24/17,CHA,0,2,2
2158,BOS,3/24/17,PHX,1,2,1
2159,MIN,3/24/17,LAL,0,3,3
2160,UTA,3/25/17,LAC,0,3,2
2161,SAS,3/25/17,NYK,1,2,2
2162,WAS,3/25/17,CLE,0,1,1
2163,POR,3/25/17,MIN,1,2,1
2164,TOR,3/25/17,DAL,0,2,2
2165,MIN,3/25/17,POR,0,1,2
2166,CLE,3/25/17,WAS,1,1,1
2167,DAL,3/25/17,TOR,1,2,2
2168,NYK,3/25/17,SAS,0,2,2
2169,LAC,3/25/17,UTA,1,2,3
2170,BKN,3/26/17,ATL,0,2,2
2171,POR,3/26/17,LAL,0,1,2
2172,OKC,3/26/17,HOU,0,4,2
2173,SAC,3/26/17,LAC,0,2,1
2174,GSW,3/26/17,MEM,1,2,3
2175,BOS,3/26/17,MIA,1,2,3
2176,NOP,3/26/17,DEN,0,2,2
2177,HOU,3/26/17,OKC,1,2,4
2178,LAC,3/26/17,SAC,1,1,2
2179,MIL,3/26/17,CHI,1,2,2
2180,PHX,3/26/17,CHA,0,2,2
2181,PHI,3/26/17,IND,0,2,2
2182,DEN,3/26/17,NOP,1,2,2
2183,ATL,3/26/17,BKN,1,2,2
2184,IND,3/26/17,PHI,1,2,2
2185,MIA,3/26/17,BOS,0,3,2
2186,CHA,3/26/17,PHX,1,2,2
2187,MEM,3/26/17,GSW,0,3,2
2188,CHI,3/26/17,MIL,0,2,2
2189,LAL,3/26/17,POR,1,2,1
2190,SAS,3/27/17,CLE,1,2,2
2191,MEM,3/27/17,SAC,0,1,1
2192,NYK,3/27/17,DET,1,2,3
2193,OKC,3/27/17,DAL,0,1,2
2194,UTA,3/27/17,NOP,1,2,1
2195,ORL,3/27/17,TOR,0,3,2
2196,CLE,3/27/17,SAS,0,2,2
2197,DET,3/27/17,NYK,0,3,2
2198,DAL,3/27/17,OKC,1,2,1
2199,SAC,3/27/17,MEM,1,1,1
2200,NOP,3/27/17,UTA,0,1,2
2201,TOR,3/27/17,ORL,1,2,3
2202,HOU,3/28/17,GSW,1,2,2
2203,MIN,3/28/17,IND,0,3,2
2204,MIL,3/28/17,CHA,0,2,2
2205,GSW,3/28/17,HOU,0,2,2
2206,MIA,3/28/17,DET,0,2,1
2207,DET,3/28/17,MIA,1,1,2
2208,CHA,3/28/17,MIL,1,2,2
2209,PHX,3/28/17,ATL,0,2,2
2210,LAL,3/28/17,WAS,1,2,3
2211,WAS,3/28/17,LAL,0,3,2
2212,PHI,3/28/17,BKN,0,2,2
2213,DEN,3/28/17,POR,0,2,2
2214,POR,3/28/17,DEN,1,2,2
2215,IND,3/28/17,MIN,1,2,3
2216,BKN,3/28/17,PHI,1,2,2
2217,ATL,3/28/17,PHX,1,2,2
2218,LAC,3/29/17,WAS,1,3,1
2219,ATL,3/29/17,PHI,0,1,1
2220,IND,3/29/17,MEM,0,1,2
2221,CHA,3/29/17,TOR,0,1,2
2222,WAS,3/29/17,LAC,0,1,3
2223,ORL,3/29/17,OKC,1,2,2
2224,MIA,3/29/17,NYK,0,1,2
2225,BOS,3/29/17,MIL,1,3,1
2226,MIL,3/29/17,BOS,0,1,3
2227,PHI,3/29/17,ATL,1,1,1
2228,NYK,3/29/17,MIA,1,2,1
2229,NOP,3/29/17,DAL,1,2,2
2230,GSW,3/29/17,SAS,0,1,2
2231,OKC,3/29/17,ORL,0,2,2
2232,UTA,3/29/17,SAC,0,2,2
2233,SAC,3/29/17,UTA,1,2,2
2234,DAL,3/29/17,NOP,0,2,2
2235,SAS,3/29/17,GSW,1,2,1
2236,TOR,3/29/17,CHA,1,2,1
2237,MEM,3/29/17,IND,1,2,1
2238,POR,3/30/17,HOU,1,2,2
2239,LAC,3/30/17,PHX,0,1,2
2240,DET,3/30/17,BKN,1,2,2
2241,CLE,3/30/17,CHI,0,3,4
2242,LAL,3/30/17,MIN,0,2,2
2243,BKN,3/30/17,DET,0,2,2
2244,MIN,3/30/17,LAL,1,2,2
2245,CHI,3/30/17,CLE,1,4,3
2246,HOU,3/30/17,POR,0,2,2
2247,PHX,3/30/17,LAC,1,2,1
2248,HOU,3/31/17,GSW,0,1,2
2249,MIA,3/31/17,NYK,1,2,2
2250,CLE,3/31/17,PHI,1,1,2
2251,BOS,3/31/17,ORL,1,2,2
2252,NYK,3/31/17,MIA,0,2,2
2253,OKC,3/31/17,SAS,1,2,2
2254,SAC,3/31/17,NOP,0,2,2
2255,PHI,3/31/17,CLE,0,2,1
2256,IND,3/31/17,TOR,0,2,2
2257,DET,3/31/17,MIL,0,1,2
2258,UTA,3/31/17,WAS,1,2,2
2259,MEM,3/31/17,DAL,1,2,2
2260,TOR,3/31/17,IND,1,2,2
2261,GSW,3/31/17,HOU,1,2,1
2262,DEN,3/31/17,CHA,0,3,2
2263,NOP,3/31/17,SAC,1,2,2
2264,SAS,3/31/17,OKC,0,2,2
2265,MIL,3/31/17,DET,1,2,1
2266,ORL,3/31/17,BOS,0,2,2
2267,DAL,3/31/17,MEM,0,2,2
2268,WAS,3/31/17,UTA,0,2,2
2269,CHA,3/31/17,DEN,1,2,3
2270,LAL,4/1/17,LAC,0,2,2
2271,ATL,4/1/17,CHI,0,3,2
2272,BKN,4/1/17,ORL,1,2,1
2273,POR,4/1/17,PHX,1,2,2
2274,LAC,4/1/17,LAL,1,2,2
2275,PHX,4/1/17,POR,0,2,2
2276,CHI,4/1/17,ATL,1,2,3
2277,SAC,4/1/17,MIN,0,1,2
2278,ORL,4/1/17,BKN,0,1,2
2279,MIN,4/1/17,SAC,1,2,1
2280,MIL,4/2/17,DAL,1,2,2
2281,CLE,4/2/17,IND,1,2,2
2282,CHA,4/2/17,OKC,0,2,2
2283,IND,4/2/17,CLE,0,2,2
2284,SAS,4/2/17,UTA,1,2,2
2285,DEN,4/2/17,MIA,0,2,2
2286,PHX,4/2/17,HOU,1,1,2
2287,HOU,4/2/17,PHX,0,2,1
2288,WAS,4/2/17,GSW,0,2,2
2289,MEM,4/2/17,LAL,0,2,1
2290,OKC,4/2/17,CHA,1,2,2
2291,UTA,4/2/17,SAS,0,2,2
2292,CHI,4/2/17,NOP,0,1,2
2293,PHI,4/2/17,TOR,0,2,2
2294,ATL,4/2/17,BKN,0,1,1
2295,BOS,4/2/17,NYK,0,2,2
2296,BKN,4/2/17,ATL,1,1,1
2297,MIA,4/2/17,DEN,1,2,2
2298,GSW,4/2/17,WAS,1,2,2
2299,LAL,4/2/17,MEM,1,1,2
2300,NOP,4/2/17,CHI,1,2,1
2301,DAL,4/2/17,MIL,0,2,2
2302,NYK,4/2/17,BOS,1,2,2
2303,TOR,4/2/17,PHI,1,2,2
2304,POR,4/3/17,MIN,0,2,2
2305,MIN,4/3/17,POR,1,2,2
2306,CHI,4/4/17,NYK,0,2,2
2307,BKN,4/4/17,PHI,0,2,2
2308,MEM,4/4/17,SAS,0,2,2
2309,SAS,4/4/17,MEM,1,2,2
2310,MIN,4/4/17,GSW,0,1,2
2311,DEN,4/4/17,NOP,0,2,2
2312,MIL,4/4/17,OKC,0,2,2
2313,POR,4/4/17,UTA,0,1,2
2314,ORL,4/4/17,CLE,0,3,2
2315,CHA,4/4/17,WAS,0,2,2
2316,NYK,4/4/17,CHI,1,2,2
2317,DAL,4/4/17,SAC,0,2,3
2318,TOR,4/4/17,IND,0,2,2
2319,WAS,4/4/17,CHA,1,2,2
2320,GSW,4/4/17,MIN,1,2,1
2321,CLE,4/4/17,ORL,1,2,3
2322,PHI,4/4/17,BKN,1,2,2
2323,IND,4/4/17,TOR,1,2,2
2324,SAC,4/4/17,DAL,1,3,2
2325,UTA,4/4/17,POR,1,2,1
2326,NOP,4/4/17,DEN,1,2,2
2327,OKC,4/4/17,MIL,1,2,2
2328,DAL,4/5/17,LAC,0,1,4
2329,CLE,4/5/17,BOS,0,1,3
2330,CHA,4/5/17,MIA,1,1,3
2331,MEM,4/5/17,OKC,1,1,1
2332,GSW,4/5/17,PHX,0,1,3
2333,PHX,4/5/17,GSW,1,3,1
2334,DEN,4/5/17,HOU,0,1,3
2335,OKC,4/5/17,MEM,0,1,1
2336,BOS,4/5/17,CLE,1,3,1
2337,LAC,4/5/17,DAL,1,4,1
2338,SAS,4/5/17,LAL,1,1,3
2339,DET,4/5/17,TOR,1,5,1
2340,MIA,4/5/17,CHA,0,3,1
2341,HOU,4/5/17,DEN,1,3,1
2342,TOR,4/5/17,DET,0,1,5
2343,LAL,4/5/17,SAS,0,3,1
2344,PHI,4/6/17,CHI,1,2,2
2345,CHI,4/6/17,PHI,0,2,2
2346,POR,4/6/17,MIN,1,2,2
2347,MIL,4/6/17,IND,0,2,2
2348,BOS,4/6/17,ATL,0,1,4
2349,BKN,4/6/17,ORL,0,2,2
2350,WAS,4/6/17,NYK,0,2,2
2351,IND,4/6/17,MIL,1,2,2
2352,NYK,4/6/17,WAS,1,2,2
2353,MIN,4/6/17,POR,0,2,2
2354,ORL,4/6/17,BKN,1,2,2
2355,ATL,4/6/17,BOS,1,4,1
2356,MIN,4/7/17,UTA,0,1,3
2357,ATL,4/7/17,CLE,0,1,2
2358,TOR,4/7/17,MIA,1,2,2
2359,DET,4/7/17,HOU,0,2,2
2360,UTA,4/7/17,MIN,1,3,1
2361,LAL,4/7/17,SAC,1,2,3
2362,HOU,4/7/17,DET,1,2,2
2363,DEN,4/7/17,NOP,1,2,3
2364,OKC,4/7/17,PHX,0,2,2
2365,NYK,4/7/17,MEM,0,1,2
2366,PHX,4/7/17,OKC,1,2,2
2367,CLE,4/7/17,ATL,1,2,1
2368,SAS,4/7/17,DAL,0,2,2
2369,DAL,4/7/17,SAS,1,2,2
2370,MIA,4/7/17,TOR,0,2,2
2371,SAC,4/7/17,LAL,0,3,2
2372,MEM,4/7/17,NYK,1,2,1
2373,NOP,4/7/17,DEN,0,3,2
2374,CHI,4/8/17,BKN,0,2,2
2375,GSW,4/8/17,NOP,1,3,1
2376,POR,4/8/17,UTA,1,2,1
2377,WAS,4/8/17,MIA,1,2,1
2378,BKN,4/8/17,CHI,1,2,2
2379,LAC,4/8/17,SAS,0,3,1
2380,IND,4/8/17,ORL,0,2,2
2381,BOS,4/8/17,CHA,0,2,3
2382,PHI,4/8/17,MIL,1,2,2
2383,CHA,4/8/17,BOS,1,3,2
2384,ORL,4/8/17,IND,1,2,2
2385,SAS,4/8/17,LAC,1,1,3
2386,UTA,4/8/17,POR,0,1,2
2387,MIL,4/8/17,PHI,0,2,2
2388,NOP,4/8/17,GSW,0,1,3
2389,MIA,4/8/17,WAS,0,1,2
2390,OKC,4/9/17,DEN,0,2,2
2391,DAL,4/9/17,PHX,0,2,2
2392,CLE,4/9/17,ATL,0,2,2
2393,HOU,4/9/17,SAC,0,2,2
2394,LAL,4/9/17,MIN,1,2,2
2395,MIN,4/9/17,LAL,0,2,2
2396,NYK,4/9/17,TOR,1,2,2
2397,DEN,4/9/17,OKC,1,2,2
2398,MEM,4/9/17,DET,1,2,2
2399,DET,4/9/17,MEM,0,2,2
2400,ATL,4/9/17,CLE,1,2,2
2401,PHX,4/9/17,DAL,1,2,2
2402,SAC,4/9/17,HOU,1,2,2
2403,TOR,4/9/17,NYK,0,2,2
2404,CLE,4/10/17,MIA,0,1,2
2405,BKN,4/10/17,BOS,0,2,2
2406,IND,4/10/17,PHI,0,2,2
2407,MIL,4/10/17,CHA,1,2,2
2408,UTA,4/10/17,GSW,0,2,2
2409,LAC,4/10/17,HOU,1,2,1
2410,GSW,4/10/17,UTA,1,2,2
2411,PHI,4/10/17,IND,1,2,2
2412,BOS,4/10/17,BKN,1,2,2
2413,MIA,4/10/17,CLE,1,2,1
2414,CHI,4/10/17,ORL,1,2,2
2415,POR,4/10/17,SAS,1,2,2
2416,WAS,4/10/17,DET,0,2,1
2417,HOU,4/10/17,LAC,0,1,2
2418,ORL,4/10/17,CHI,0,2,2
2419,DET,4/10/17,WAS,1,1,2
2420,CHA,4/10/17,MIL,0,2,2
2421,SAS,4/10/17,POR,0,2,2
2422,MIN,4/11/17,OKC,1,2,2
2423,CHA,4/11/17,ATL,0,1,2
2424,NOP,4/11/17,LAL,0,3,2
2425,SAC,4/11/17,PHX,1,2,2
2426,DEN,4/11/17,DAL,0,2,2
2427,ATL,4/11/17,CHA,1,2,1
2428,OKC,4/11/17,MIN,0,2,2
2429,DAL,4/11/17,DEN,1,2,2
2430,PHX,4/11/17,SAC,0,2,2
2431,LAL,4/11/17,NOP,1,2,3
2432,CHI,4/12/17,BKN,1,2,2
2433,TOR,4/12/17,CLE,0,3,2
2434,ORL,4/12/17,DET,1,2,2
2435,POR,4/12/17,NOP,1,2,1
2436,MIN,4/12/17,HOU,0,1,2
2437,OKC,4/12/17,DEN,1,1,1
2438,NOP,4/12/17,POR,0,1,2
2439,DET,4/12/17,ORL,0,2,2
2440,PHI,4/12/17,NYK,0,2,3
2441,MEM,4/12/17,DAL,1,3,1
2442,DAL,4/12/17,MEM,0,1,3
2443,WAS,4/12/17,MIA,0,2,2
2444,BOS,4/12/17,MIL,1,2,2
2445,LAC,4/12/17,SAC,1,2,1
2446,SAS,4/12/17,UTA,0,2,2
2447,CLE,4/12/17,TOR,1,2,3
2448,DEN,4/12/17,OKC,0,1,1
2449,UTA,4/12/17,SAS,1,2,2
2450,BKN,4/12/17,CHI,0,2,2
2451,MIA,4/12/17,WAS,1,2,2
2452,MIL,4/12/17,BOS,0,2,2
2453,HOU,4/12/17,MIN,1,2,1
2454,SAC,4/12/17,LAC,0,1,2
2455,GSW,4/12/17,LAL,1,2,1
2456,IND,4/12/17,ATL,1,2,1
2457,ATL,4/12/17,IND,0,1,2
2458,LAL,4/12/17,GSW,0,1,2
2459,NYK,4/12/17,PHI,1,3,2
